id,details
SEC_PREAMBLE,================================================================================ FEDERAL BUREAU OF INVESTIGATION - MASTER CASE FILE CASE TITLE: OPERATION BLACK HORIZON FILE NUMBER: 268A-CH-90412 CLASSIFICATION: TOP SECRET // ORCON // LAW ENFORCEMENT SENSITIVE OFFICE OF ORIGIN: CHICAGO DIVISION (SQUAD C-14) ================================================================================
SECTION_1_FINANCIAL_AUDIT_LOG,"FILE REF: 268A-CH-90412 DATE/TIME: 2025-08-01 12:23:00 EST REPORTING AGENT: SA David Ruiz (ID: 8842) PRIMARY SUBJECTS: Marcus Thorne (Enforcer), Victor Vance (The Tailor) TRANSACTION RECORD:   Originator: Marcus Thorne / Pacific Import Export Co. (San Diego, CA)   Destination Account: First National Bank Acc #8839-10294-US   Amount: $279,000.00 USD   Notes: Suspicious activity flag triggered. Linked to phone +1-202-555-0143 active at 1428 Elmwood Avenue, Chicago, IL (Apex Freight HQ). --------------------------------------------------------------------------------"
SECTION_2_WIRETAP_INTERCEPT,"FILE REF: 268A-CH-90412 DATE/TIME: 2025-08-01 22:00:00 EST REPORTING AGENT: SA Sarah Jenkins (ID: 4102) PRIMARY SUBJECTS: Marcus Thorne (Enforcer), Sarah Lin (Accountant) TARGET LINE: +1-202-555-0143 (Marcus Thorne) -> +1-619-555-0122 (Sarah Lin) TRANSCRIPT:   [2025-08-01 22:00:00 EST] Marcus Thorne: 'Did you authorize the release for Apex Freight Logistics (1428 Elmwood Ave, Chicago IL)?'   [2025-08-01 22:00:00 EST] Sarah Lin: 'It is pending at 304 Pier Road, Gary, IN (Lakeside Bistro). We need $397,000 sent to First National Bank Acc #8839-10294-US.'   [2025-08-01 22:00:00 EST] Marcus Thorne: 'Make sure Accountant handles the transport in the Silver Audi Q7 (VIN: WA1VAAFE4CD019283).' --------------------------------------------------------------------------------"
SECTION_3_WIRETAP_INTERCEPT,"FILE REF: 268A-CH-90412 DATE/TIME: 2025-08-02 06:36:00 EST REPORTING AGENT: SA David Ruiz (ID: 8842) PRIMARY SUBJECTS: Carlos Mendez (El Toro), Marcus Thorne (Enforcer) TARGET LINE: +1-619-555-0199 (Carlos Mendez) -> +1-202-555-0143 (Marcus Thorne) TRANSCRIPT:   [2025-08-02 06:36:00 EST] Carlos Mendez: 'Did you authorize the release for Meridian Holdings LLC (Shell Entity #8840)?'   [2025-08-02 06:36:00 EST] Marcus Thorne: 'It is pending at 1428 Elmwood Avenue, Chicago, IL (Apex Freight HQ). We need $118,000 sent to Bank of America Acc #5540-1920-3341.'   [2025-08-02 06:36:00 EST] Carlos Mendez: 'Make sure Enforcer handles the transport in the White Freightliner Semi-Truck (Lic: TRK-9901).' --------------------------------------------------------------------------------"
SECTION_4_FINANCIAL_AUDIT_LOG,"FILE REF: 268A-CH-90412 DATE/TIME: 2025-08-02 15:30:00 EST REPORTING AGENT: SA David Ruiz (ID: 8842) PRIMARY SUBJECTS: Sarah Lin (Accountant), Elena Rostova (The Tsaritsa) TRANSACTION RECORD:   Originator: Sarah Lin / Pacific Import Export Co. (San Diego, CA)   Destination Account: Crypto Wallet 0x71C...3A9D (Darknet Link)   Amount: $222,000.00 USD   Notes: Suspicious activity flag triggered. Linked to phone +1-619-555-0122 active at Pier 4, Gary Port Facility, Gary, IN. --------------------------------------------------------------------------------"
SECTION_5_CDR_CELLULAR_TOWER_LOG,"FILE REF: 268A-CH-90412 DATE/TIME: 2025-08-02 20:24:00 EST REPORTING AGENT: SA Sarah Jenkins (ID: 4102) PRIMARY SUBJECTS: Marcus Thorne (Enforcer), Tariq Mansoor (Ghost) CELLULAR INTERCEPT DATA:   Device A: Marcus Thorne (+1-202-555-0143) | Device B: Tariq Mansoor (+1-973-555-0167)   Cell Tower Sector: T-902 (412 Oak Street, Paterson, NJ (Safehouse Alpha))   Event: Call duration 68 seconds. Ping coordinates confirm both subjects in proximity. --------------------------------------------------------------------------------"
SECTION_6_CDR_CELLULAR_TOWER_LOG,"FILE REF: 268A-CH-90412 DATE/TIME: 2025-08-02 22:14:00 EST REPORTING AGENT: SA Michael Chang (ID: 9910) PRIMARY SUBJECTS: Carlos Mendez (El Toro), Marcus Thorne (Enforcer) CELLULAR INTERCEPT DATA:   Device A: Carlos Mendez (+1-619-555-0199) | Device B: Marcus Thorne (+1-202-555-0143)   Cell Tower Sector: T-902 (412 Oak Street, Paterson, NJ (Safehouse Alpha))   Event: Call duration 197 seconds. Ping coordinates confirm both subjects in proximity. --------------------------------------------------------------------------------"
SECTION_7_WIRETAP_INTERCEPT,"FILE REF: 268A-CH-90412 DATE/TIME: 2025-08-03 03:37:00 EST REPORTING AGENT: SA Sarah Jenkins (ID: 4102) PRIMARY SUBJECTS: Tariq Mansoor (Ghost), Carlos Mendez (El Toro) TARGET LINE: +1-973-555-0167 (Tariq Mansoor) -> +1-619-555-0199 (Carlos Mendez) TRANSCRIPT:   [2025-08-03 03:37:00 EST] Tariq Mansoor: 'Did you authorize the release for Meridian Holdings LLC (Shell Entity #8840)?'   [2025-08-03 03:37:00 EST] Carlos Mendez: 'It is pending at 1428 Elmwood Avenue, Chicago, IL (Apex Freight HQ). We need $433,000 sent to First National Bank Acc #8839-10294-US.'   [2025-08-03 03:37:00 EST] Tariq Mansoor: 'Make sure El Toro handles the transport in the Black 2021 Ford Explorer (IL Plate: 7XYZ-89).' --------------------------------------------------------------------------------"
SECTION_8_CDR_CELLULAR_TOWER_LOG,"FILE REF: 268A-CH-90412 DATE/TIME: 2025-08-03 16:15:00 EST REPORTING AGENT: SA Sarah Jenkins (ID: 4102) PRIMARY SUBJECTS: Elena Rostova (The Tsaritsa), Tariq Mansoor (Ghost) CELLULAR INTERCEPT DATA:   Device A: Elena Rostova (+1-312-555-0188) | Device B: Tariq Mansoor (+1-973-555-0167)   Cell Tower Sector: T-902 (1428 Elmwood Avenue, Chicago, IL (Apex Freight HQ))   Event: Call duration 242 seconds. Ping coordinates confirm both subjects in proximity. --------------------------------------------------------------------------------"
SECTION_9_CDR_CELLULAR_TOWER_LOG,"FILE REF: 268A-CH-90412 DATE/TIME: 2025-08-03 19:32:00 EST REPORTING AGENT: SA Sarah Jenkins (ID: 4102) PRIMARY SUBJECTS: Sarah Lin (Accountant), Tariq Mansoor (Ghost) CELLULAR INTERCEPT DATA:   Device A: Sarah Lin (+1-619-555-0122) | Device B: Tariq Mansoor (+1-973-555-0167)   Cell Tower Sector: T-902 (Pier 4, Gary Port Facility, Gary, IN)   Event: Call duration 317 seconds. Ping coordinates confirm both subjects in proximity. --------------------------------------------------------------------------------"
SECTION_10_FINANCIAL_AUDIT_LOG,"FILE REF: 268A-CH-90412 DATE/TIME: 2025-08-04 06:20:00 EST REPORTING AGENT: SA David Ruiz (ID: 8842) PRIMARY SUBJECTS: Elena Rostova (The Tsaritsa), Marcus Thorne (Enforcer) TRANSACTION RECORD:   Originator: Elena Rostova / Pacific Import Export Co. (San Diego, CA)   Destination Account: Crypto Wallet 0x71C...3A9D (Darknet Link)   Amount: $257,000.00 USD   Notes: Suspicious activity flag triggered. Linked to phone +1-312-555-0188 active at Pier 4, Gary Port Facility, Gary, IN. --------------------------------------------------------------------------------"
SECTION_11_FD-302_SURVEILLANCE,"FILE REF: 268A-CH-90412 DATE/TIME: 2025-08-04 13:22:00 EST REPORTING AGENT: SA David Ruiz (ID: 8842) PRIMARY SUBJECTS: Carlos Mendez (El Toro), Elena Rostova (The Tsaritsa) NARRATIVE: On 2025-08-04 13:22:00 EST, surveillance team observed Carlos Mendez operating White Freightliner Semi-Truck (Lic: TRK-9901). Subject traveled directly to 412 Oak Street, Paterson, NJ (Safehouse Alpha) where a clandestine meeting occurred with Elena Rostova. Subjects were observed discussing operations related to Meridian Holdings LLC (Shell Entity #8840). Subject Elena Rostova was seen carrying a sealed package into the facility. --------------------------------------------------------------------------------"
SECTION_12_CDR_CELLULAR_TOWER_LOG,"FILE REF: 268A-CH-90412 DATE/TIME: 2025-08-04 18:08:00 EST REPORTING AGENT: SA Michael Chang (ID: 9910) PRIMARY SUBJECTS: Elena Rostova (The Tsaritsa), Tariq Mansoor (Ghost) CELLULAR INTERCEPT DATA:   Device A: Elena Rostova (+1-312-555-0188) | Device B: Tariq Mansoor (+1-973-555-0167)   Cell Tower Sector: T-902 (412 Oak Street, Paterson, NJ (Safehouse Alpha))   Event: Call duration 254 seconds. Ping coordinates confirm both subjects in proximity. --------------------------------------------------------------------------------"
SECTION_13_WIRETAP_INTERCEPT,"FILE REF: 268A-CH-90412 DATE/TIME: 2025-08-05 06:10:00 EST REPORTING AGENT: SA Sarah Jenkins (ID: 4102) PRIMARY SUBJECTS: Sarah Lin (Accountant), Elena Rostova (The Tsaritsa) TARGET LINE: +1-619-555-0122 (Sarah Lin) -> +1-312-555-0188 (Elena Rostova) TRANSCRIPT:   [2025-08-05 06:10:00 EST] Sarah Lin: 'Did you authorize the release for Apex Freight Logistics (1428 Elmwood Ave, Chicago IL)?'   [2025-08-05 06:10:00 EST] Elena Rostova: 'It is pending at 88 Industrial Parkway, Newark, NJ (Warehouse Depot). We need $53,000 sent to First National Bank Acc #8839-10294-US.'   [2025-08-05 06:10:00 EST] Sarah Lin: 'Make sure The Tsaritsa handles the transport in the Silver Audi Q7 (VIN: WA1VAAFE4CD019283).' --------------------------------------------------------------------------------"
SECTION_14_WIRETAP_INTERCEPT,"FILE REF: 268A-CH-90412 DATE/TIME: 2025-08-05 11:52:00 EST REPORTING AGENT: SA Michael Chang (ID: 9910) PRIMARY SUBJECTS: Victor Vance (The Tailor), Tariq Mansoor (Ghost) TARGET LINE: +1-312-555-0199 (Victor Vance) -> +1-973-555-0167 (Tariq Mansoor) TRANSCRIPT:   [2025-08-05 11:52:00 EST] Victor Vance: 'Did you authorize the release for Horizon Global Transfer (Account HGT-9011)?'   [2025-08-05 11:52:00 EST] Tariq Mansoor: 'It is pending at Pier 4, Gary Port Facility, Gary, IN. We need $353,000 sent to Crypto Wallet 0x71C...3A9D (Darknet Link).'   [2025-08-05 11:52:00 EST] Victor Vance: 'Make sure Ghost handles the transport in the White Freightliner Semi-Truck (Lic: TRK-9901).' --------------------------------------------------------------------------------"
SECTION_15_FINANCIAL_AUDIT_LOG,"FILE REF: 268A-CH-90412 DATE/TIME: 2025-08-05 18:56:00 EST REPORTING AGENT: SA Sarah Jenkins (ID: 4102) PRIMARY SUBJECTS: Marcus Thorne (Enforcer), Carlos Mendez (El Toro) TRANSACTION RECORD:   Originator: Marcus Thorne / Meridian Holdings LLC (Shell Entity #8840)   Destination Account: Bank of America Acc #5540-1920-3341   Amount: $754,000.00 USD   Notes: Suspicious activity flag triggered. Linked to phone +1-202-555-0143 active at 88 Industrial Parkway, Newark, NJ (Warehouse Depot). --------------------------------------------------------------------------------"
SECTION_16_FD-302_SURVEILLANCE,"FILE REF: 268A-CH-90412 DATE/TIME: 2025-08-06 02:53:00 EST REPORTING AGENT: SA Michael Chang (ID: 9910) PRIMARY SUBJECTS: Victor Vance (The Tailor), Tariq Mansoor (Ghost) NARRATIVE: On 2025-08-06 02:53:00 EST, surveillance team observed Victor Vance operating Black 2021 Ford Explorer (IL Plate: 7XYZ-89). Subject traveled directly to 412 Oak Street, Paterson, NJ (Safehouse Alpha) where a clandestine meeting occurred with Tariq Mansoor. Subjects were observed discussing operations related to Pacific Import Export Co. (San Diego, CA). Subject Tariq Mansoor was seen carrying a sealed package into the facility. --------------------------------------------------------------------------------"
SECTION_17_FINANCIAL_AUDIT_LOG,"FILE REF: 268A-CH-90412 DATE/TIME: 2025-08-06 04:40:00 EST REPORTING AGENT: SA David Ruiz (ID: 8842) PRIMARY SUBJECTS: Elena Rostova (The Tsaritsa), Marcus Thorne (Enforcer) TRANSACTION RECORD:   Originator: Elena Rostova / Horizon Global Transfer (Account HGT-9011)   Destination Account: First National Bank Acc #8839-10294-US   Amount: $345,000.00 USD   Notes: Suspicious activity flag triggered. Linked to phone +1-312-555-0188 active at 412 Oak Street, Paterson, NJ (Safehouse Alpha). --------------------------------------------------------------------------------"
SECTION_18_FD-302_SURVEILLANCE,"FILE REF: 268A-CH-90412 DATE/TIME: 2025-08-06 06:26:00 EST REPORTING AGENT: SA Michael Chang (ID: 9910) PRIMARY SUBJECTS: Marcus Thorne (Enforcer), Tariq Mansoor (Ghost) NARRATIVE: On 2025-08-06 06:26:00 EST, surveillance team observed Marcus Thorne operating Black 2021 Ford Explorer (IL Plate: 7XYZ-89). Subject traveled directly to Pier 4, Gary Port Facility, Gary, IN where a clandestine meeting occurred with Tariq Mansoor. Subjects were observed discussing operations related to Meridian Holdings LLC (Shell Entity #8840). Subject Tariq Mansoor was seen carrying a sealed package into the facility. --------------------------------------------------------------------------------"
SECTION_19_WIRETAP_INTERCEPT,"FILE REF: 268A-CH-90412 DATE/TIME: 2025-08-06 12:01:00 EST REPORTING AGENT: SA David Ruiz (ID: 8842) PRIMARY SUBJECTS: Victor Vance (The Tailor), Carlos Mendez (El Toro) TARGET LINE: +1-312-555-0199 (Victor Vance) -> +1-619-555-0199 (Carlos Mendez) TRANSCRIPT:   [2025-08-06 12:01:00 EST] Victor Vance: 'Did you authorize the release for Pacific Import Export Co. (San Diego, CA)?'   [2025-08-06 12:01:00 EST] Carlos Mendez: 'It is pending at Pier 4, Gary Port Facility, Gary, IN. We need $64,000 sent to First National Bank Acc #8839-10294-US.'   [2025-08-06 12:01:00 EST] Victor Vance: 'Make sure El Toro handles the transport in the Silver Audi Q7 (VIN: WA1VAAFE4CD019283).' --------------------------------------------------------------------------------"
SECTION_20_WIRETAP_INTERCEPT,"FILE REF: 268A-CH-90412 DATE/TIME: 2025-08-06 20:02:00 EST REPORTING AGENT: SA Michael Chang (ID: 9910) PRIMARY SUBJECTS: Marcus Thorne (Enforcer), Carlos Mendez (El Toro) TARGET LINE: +1-202-555-0143 (Marcus Thorne) -> +1-619-555-0199 (Carlos Mendez) TRANSCRIPT:   [2025-08-06 20:02:00 EST] Marcus Thorne: 'Did you authorize the release for Apex Freight Logistics (1428 Elmwood Ave, Chicago IL)?'   [2025-08-06 20:02:00 EST] Carlos Mendez: 'It is pending at 412 Oak Street, Paterson, NJ (Safehouse Alpha). We need $81,000 sent to Bank of America Acc #5540-1920-3341.'   [2025-08-06 20:02:00 EST] Marcus Thorne: 'Make sure El Toro handles the transport in the White Freightliner Semi-Truck (Lic: TRK-9901).' --------------------------------------------------------------------------------"
SECTION_21_FD-302_SURVEILLANCE,"FILE REF: 268A-CH-90412 DATE/TIME: 2025-08-07 03:49:00 EST REPORTING AGENT: SA Michael Chang (ID: 9910) PRIMARY SUBJECTS: Marcus Thorne (Enforcer), Sarah Lin (Accountant) NARRATIVE: On 2025-08-07 03:49:00 EST, surveillance team observed Marcus Thorne operating Silver Audi Q7 (VIN: WA1VAAFE4CD019283). Subject traveled directly to 304 Pier Road, Gary, IN (Lakeside Bistro) where a clandestine meeting occurred with Sarah Lin. Subjects were observed discussing operations related to Pacific Import Export Co. (San Diego, CA). Subject Sarah Lin was seen carrying a sealed package into the facility. --------------------------------------------------------------------------------"
SECTION_22_FINANCIAL_AUDIT_LOG,"FILE REF: 268A-CH-90412 DATE/TIME: 2025-08-07 06:38:00 EST REPORTING AGENT: SA Sarah Jenkins (ID: 4102) PRIMARY SUBJECTS: Victor Vance (The Tailor), Elena Rostova (The Tsaritsa) TRANSACTION RECORD:   Originator: Victor Vance / Horizon Global Transfer (Account HGT-9011)   Destination Account: Crypto Wallet 0x71C...3A9D (Darknet Link)   Amount: $478,000.00 USD   Notes: Suspicious activity flag triggered. Linked to phone +1-312-555-0199 active at Pier 4, Gary Port Facility, Gary, IN. --------------------------------------------------------------------------------"
SECTION_23_FD-302_SURVEILLANCE,"FILE REF: 268A-CH-90412 DATE/TIME: 2025-08-07 14:42:00 EST REPORTING AGENT: SA Sarah Jenkins (ID: 4102) PRIMARY SUBJECTS: Sarah Lin (Accountant), Marcus Thorne (Enforcer) NARRATIVE: On 2025-08-07 14:42:00 EST, surveillance team observed Sarah Lin operating White Freightliner Semi-Truck (Lic: TRK-9901). Subject traveled directly to 304 Pier Road, Gary, IN (Lakeside Bistro) where a clandestine meeting occurred with Marcus Thorne. Subjects were observed discussing operations related to Horizon Global Transfer (Account HGT-9011). Subject Marcus Thorne was seen carrying a sealed package into the facility. --------------------------------------------------------------------------------"
SECTION_24_CDR_CELLULAR_TOWER_LOG,"FILE REF: 268A-CH-90412 DATE/TIME: 2025-08-07 22:48:00 EST REPORTING AGENT: SA David Ruiz (ID: 8842) PRIMARY SUBJECTS: Carlos Mendez (El Toro), Victor Vance (The Tailor) CELLULAR INTERCEPT DATA:   Device A: Carlos Mendez (+1-619-555-0199) | Device B: Victor Vance (+1-312-555-0199)   Cell Tower Sector: T-902 (304 Pier Road, Gary, IN (Lakeside Bistro))   Event: Call duration 378 seconds. Ping coordinates confirm both subjects in proximity. --------------------------------------------------------------------------------"
SECTION_25_CDR_CELLULAR_TOWER_LOG,"FILE REF: 268A-CH-90412 DATE/TIME: 2025-08-08 07:37:00 EST REPORTING AGENT: SA Sarah Jenkins (ID: 4102) PRIMARY SUBJECTS: Sarah Lin (Accountant), Victor Vance (The Tailor) CELLULAR INTERCEPT DATA:   Device A: Sarah Lin (+1-619-555-0122) | Device B: Victor Vance (+1-312-555-0199)   Cell Tower Sector: T-902 (304 Pier Road, Gary, IN (Lakeside Bistro))   Event: Call duration 75 seconds. Ping coordinates confirm both subjects in proximity. --------------------------------------------------------------------------------"
SECTION_26_FINANCIAL_AUDIT_LOG,"FILE REF: 268A-CH-90412 DATE/TIME: 2025-08-08 19:38:00 EST REPORTING AGENT: SA Sarah Jenkins (ID: 4102) PRIMARY SUBJECTS: Marcus Thorne (Enforcer), Elena Rostova (The Tsaritsa) TRANSACTION RECORD:   Originator: Marcus Thorne / Apex Freight Logistics (1428 Elmwood Ave, Chicago IL)   Destination Account: Crypto Wallet 0x71C...3A9D (Darknet Link)   Amount: $779,000.00 USD   Notes: Suspicious activity flag triggered. Linked to phone +1-202-555-0143 active at 412 Oak Street, Paterson, NJ (Safehouse Alpha). --------------------------------------------------------------------------------"
SECTION_27_FINANCIAL_AUDIT_LOG,"FILE REF: 268A-CH-90412 DATE/TIME: 2025-08-09 05:10:00 EST REPORTING AGENT: SA Michael Chang (ID: 9910) PRIMARY SUBJECTS: Victor Vance (The Tailor), Tariq Mansoor (Ghost) TRANSACTION RECORD:   Originator: Victor Vance / Meridian Holdings LLC (Shell Entity #8840)   Destination Account: First National Bank Acc #8839-10294-US   Amount: $242,000.00 USD   Notes: Suspicious activity flag triggered. Linked to phone +1-312-555-0199 active at 1428 Elmwood Avenue, Chicago, IL (Apex Freight HQ). --------------------------------------------------------------------------------"
SECTION_28_FD-302_SURVEILLANCE,"FILE REF: 268A-CH-90412 DATE/TIME: 2025-08-09 07:57:00 EST REPORTING AGENT: SA Michael Chang (ID: 9910) PRIMARY SUBJECTS: Elena Rostova (The Tsaritsa), Marcus Thorne (Enforcer) NARRATIVE: On 2025-08-09 07:57:00 EST, surveillance team observed Elena Rostova operating Black 2021 Ford Explorer (IL Plate: 7XYZ-89). Subject traveled directly to 88 Industrial Parkway, Newark, NJ (Warehouse Depot) where a clandestine meeting occurred with Marcus Thorne. Subjects were observed discussing operations related to Apex Freight Logistics (1428 Elmwood Ave, Chicago IL). Subject Marcus Thorne was seen carrying a sealed package into the facility. --------------------------------------------------------------------------------"
SECTION_29_WIRETAP_INTERCEPT,"FILE REF: 268A-CH-90412 DATE/TIME: 2025-08-09 18:32:00 EST REPORTING AGENT: SA David Ruiz (ID: 8842) PRIMARY SUBJECTS: Elena Rostova (The Tsaritsa), Sarah Lin (Accountant) TARGET LINE: +1-312-555-0188 (Elena Rostova) -> +1-619-555-0122 (Sarah Lin) TRANSCRIPT:   [2025-08-09 18:32:00 EST] Elena Rostova: 'Did you authorize the release for Horizon Global Transfer (Account HGT-9011)?'   [2025-08-09 18:32:00 EST] Sarah Lin: 'It is pending at Pier 4, Gary Port Facility, Gary, IN. We need $156,000 sent to Crypto Wallet 0x71C...3A9D (Darknet Link).'   [2025-08-09 18:32:00 EST] Elena Rostova: 'Make sure Accountant handles the transport in the Black 2021 Ford Explorer (IL Plate: 7XYZ-89).' --------------------------------------------------------------------------------"
SECTION_30_FINANCIAL_AUDIT_LOG,"FILE REF: 268A-CH-90412 DATE/TIME: 2025-08-10 02:05:00 EST REPORTING AGENT: SA Michael Chang (ID: 9910) PRIMARY SUBJECTS: Sarah Lin (Accountant), Elena Rostova (The Tsaritsa) TRANSACTION RECORD:   Originator: Sarah Lin / Meridian Holdings LLC (Shell Entity #8840)   Destination Account: Crypto Wallet 0x71C...3A9D (Darknet Link)   Amount: $422,000.00 USD   Notes: Suspicious activity flag triggered. Linked to phone +1-619-555-0122 active at Pier 4, Gary Port Facility, Gary, IN. --------------------------------------------------------------------------------"
SECTION_31_CDR_CELLULAR_TOWER_LOG,"FILE REF: 268A-CH-90412 DATE/TIME: 2025-08-10 03:35:00 EST REPORTING AGENT: SA Sarah Jenkins (ID: 4102) PRIMARY SUBJECTS: Tariq Mansoor (Ghost), Carlos Mendez (El Toro) CELLULAR INTERCEPT DATA:   Device A: Tariq Mansoor (+1-973-555-0167) | Device B: Carlos Mendez (+1-619-555-0199)   Cell Tower Sector: T-902 (1428 Elmwood Avenue, Chicago, IL (Apex Freight HQ))   Event: Call duration 104 seconds. Ping coordinates confirm both subjects in proximity. --------------------------------------------------------------------------------"
SECTION_32_FD-302_SURVEILLANCE,"FILE REF: 268A-CH-90412 DATE/TIME: 2025-08-10 06:35:00 EST REPORTING AGENT: SA Sarah Jenkins (ID: 4102) PRIMARY SUBJECTS: Marcus Thorne (Enforcer), Sarah Lin (Accountant) NARRATIVE: On 2025-08-10 06:35:00 EST, surveillance team observed Marcus Thorne operating White Freightliner Semi-Truck (Lic: TRK-9901). Subject traveled directly to 412 Oak Street, Paterson, NJ (Safehouse Alpha) where a clandestine meeting occurred with Sarah Lin. Subjects were observed discussing operations related to Meridian Holdings LLC (Shell Entity #8840). Subject Sarah Lin was seen carrying a sealed package into the facility. --------------------------------------------------------------------------------"
SECTION_33_FINANCIAL_AUDIT_LOG,"FILE REF: 268A-CH-90412 DATE/TIME: 2025-08-10 15:25:00 EST REPORTING AGENT: SA Michael Chang (ID: 9910) PRIMARY SUBJECTS: Sarah Lin (Accountant), Victor Vance (The Tailor) TRANSACTION RECORD:   Originator: Sarah Lin / Pacific Import Export Co. (San Diego, CA)   Destination Account: First National Bank Acc #8839-10294-US   Amount: $570,000.00 USD   Notes: Suspicious activity flag triggered. Linked to phone +1-619-555-0122 active at 88 Industrial Parkway, Newark, NJ (Warehouse Depot). --------------------------------------------------------------------------------"
SECTION_34_FINANCIAL_AUDIT_LOG,"FILE REF: 268A-CH-90412 DATE/TIME: 2025-08-11 04:22:00 EST REPORTING AGENT: SA Sarah Jenkins (ID: 4102) PRIMARY SUBJECTS: Sarah Lin (Accountant), Carlos Mendez (El Toro) TRANSACTION RECORD:   Originator: Sarah Lin / Pacific Import Export Co. (San Diego, CA)   Destination Account: Crypto Wallet 0x71C...3A9D (Darknet Link)   Amount: $393,000.00 USD   Notes: Suspicious activity flag triggered. Linked to phone +1-619-555-0122 active at Pier 4, Gary Port Facility, Gary, IN. --------------------------------------------------------------------------------"
SECTION_35_CDR_CELLULAR_TOWER_LOG,"FILE REF: 268A-CH-90412 DATE/TIME: 2025-08-11 06:31:00 EST REPORTING AGENT: SA Sarah Jenkins (ID: 4102) PRIMARY SUBJECTS: Tariq Mansoor (Ghost), Victor Vance (The Tailor) CELLULAR INTERCEPT DATA:   Device A: Tariq Mansoor (+1-973-555-0167) | Device B: Victor Vance (+1-312-555-0199)   Cell Tower Sector: T-902 (Pier 4, Gary Port Facility, Gary, IN)   Event: Call duration 437 seconds. Ping coordinates confirm both subjects in proximity. --------------------------------------------------------------------------------"
SECTION_36_WIRETAP_INTERCEPT,"FILE REF: 268A-CH-90412 DATE/TIME: 2025-08-11 07:53:00 EST REPORTING AGENT: SA David Ruiz (ID: 8842) PRIMARY SUBJECTS: Sarah Lin (Accountant), Marcus Thorne (Enforcer) TARGET LINE: +1-619-555-0122 (Sarah Lin) -> +1-202-555-0143 (Marcus Thorne) TRANSCRIPT:   [2025-08-11 07:53:00 EST] Sarah Lin: 'Did you authorize the release for Horizon Global Transfer (Account HGT-9011)?'   [2025-08-11 07:53:00 EST] Marcus Thorne: 'It is pending at 88 Industrial Parkway, Newark, NJ (Warehouse Depot). We need $424,000 sent to Bank of America Acc #5540-1920-3341.'   [2025-08-11 07:53:00 EST] Sarah Lin: 'Make sure Enforcer handles the transport in the White Freightliner Semi-Truck (Lic: TRK-9901).' --------------------------------------------------------------------------------"
SECTION_37_FINANCIAL_AUDIT_LOG,"FILE REF: 268A-CH-90412 DATE/TIME: 2025-08-11 12:20:00 EST REPORTING AGENT: SA Sarah Jenkins (ID: 4102) PRIMARY SUBJECTS: Carlos Mendez (El Toro), Victor Vance (The Tailor) TRANSACTION RECORD:   Originator: Carlos Mendez / Meridian Holdings LLC (Shell Entity #8840)   Destination Account: First National Bank Acc #8839-10294-US   Amount: $116,000.00 USD   Notes: Suspicious activity flag triggered. Linked to phone +1-619-555-0199 active at 304 Pier Road, Gary, IN (Lakeside Bistro). --------------------------------------------------------------------------------"
SECTION_38_WIRETAP_INTERCEPT,"FILE REF: 268A-CH-90412 DATE/TIME: 2025-08-11 21:02:00 EST REPORTING AGENT: SA Sarah Jenkins (ID: 4102) PRIMARY SUBJECTS: Victor Vance (The Tailor), Tariq Mansoor (Ghost) TARGET LINE: +1-312-555-0199 (Victor Vance) -> +1-973-555-0167 (Tariq Mansoor) TRANSCRIPT:   [2025-08-11 21:02:00 EST] Victor Vance: 'Did you authorize the release for Meridian Holdings LLC (Shell Entity #8840)?'   [2025-08-11 21:02:00 EST] Tariq Mansoor: 'It is pending at Pier 4, Gary Port Facility, Gary, IN. We need $174,000 sent to Crypto Wallet 0x71C...3A9D (Darknet Link).'   [2025-08-11 21:02:00 EST] Victor Vance: 'Make sure Ghost handles the transport in the Black 2021 Ford Explorer (IL Plate: 7XYZ-89).' --------------------------------------------------------------------------------"
SECTION_39_CDR_CELLULAR_TOWER_LOG,"FILE REF: 268A-CH-90412 DATE/TIME: 2025-08-12 01:12:00 EST REPORTING AGENT: SA Sarah Jenkins (ID: 4102) PRIMARY SUBJECTS: Victor Vance (The Tailor), Elena Rostova (The Tsaritsa) CELLULAR INTERCEPT DATA:   Device A: Victor Vance (+1-312-555-0199) | Device B: Elena Rostova (+1-312-555-0188)   Cell Tower Sector: T-902 (Pier 4, Gary Port Facility, Gary, IN)   Event: Call duration 39 seconds. Ping coordinates confirm both subjects in proximity. --------------------------------------------------------------------------------"
SECTION_40_FINANCIAL_AUDIT_LOG,"FILE REF: 268A-CH-90412 DATE/TIME: 2025-08-12 06:20:00 EST REPORTING AGENT: SA Michael Chang (ID: 9910) PRIMARY SUBJECTS: Elena Rostova (The Tsaritsa), Victor Vance (The Tailor) TRANSACTION RECORD:   Originator: Elena Rostova / Horizon Global Transfer (Account HGT-9011)   Destination Account: Bank of America Acc #5540-1920-3341   Amount: $935,000.00 USD   Notes: Suspicious activity flag triggered. Linked to phone +1-312-555-0188 active at 88 Industrial Parkway, Newark, NJ (Warehouse Depot). --------------------------------------------------------------------------------"
SECTION_41_FINANCIAL_AUDIT_LOG,"FILE REF: 268A-CH-90412 DATE/TIME: 2025-08-12 13:05:00 EST REPORTING AGENT: SA David Ruiz (ID: 8842) PRIMARY SUBJECTS: Marcus Thorne (Enforcer), Tariq Mansoor (Ghost) TRANSACTION RECORD:   Originator: Marcus Thorne / Meridian Holdings LLC (Shell Entity #8840)   Destination Account: Bank of America Acc #5540-1920-3341   Amount: $486,000.00 USD   Notes: Suspicious activity flag triggered. Linked to phone +1-202-555-0143 active at 88 Industrial Parkway, Newark, NJ (Warehouse Depot). --------------------------------------------------------------------------------"
SECTION_42_CDR_CELLULAR_TOWER_LOG,"FILE REF: 268A-CH-90412 DATE/TIME: 2025-08-12 22:37:00 EST REPORTING AGENT: SA David Ruiz (ID: 8842) PRIMARY SUBJECTS: Sarah Lin (Accountant), Elena Rostova (The Tsaritsa) CELLULAR INTERCEPT DATA:   Device A: Sarah Lin (+1-619-555-0122) | Device B: Elena Rostova (+1-312-555-0188)   Cell Tower Sector: T-902 (412 Oak Street, Paterson, NJ (Safehouse Alpha))   Event: Call duration 160 seconds. Ping coordinates confirm both subjects in proximity. --------------------------------------------------------------------------------"
SECTION_43_FINANCIAL_AUDIT_LOG,"FILE REF: 268A-CH-90412 DATE/TIME: 2025-08-13 09:10:00 EST REPORTING AGENT: SA Michael Chang (ID: 9910) PRIMARY SUBJECTS: Sarah Lin (Accountant), Victor Vance (The Tailor) TRANSACTION RECORD:   Originator: Sarah Lin / Meridian Holdings LLC (Shell Entity #8840)   Destination Account: Bank of America Acc #5540-1920-3341   Amount: $125,000.00 USD   Notes: Suspicious activity flag triggered. Linked to phone +1-619-555-0122 active at 304 Pier Road, Gary, IN (Lakeside Bistro). --------------------------------------------------------------------------------"
SECTION_44_FD-302_SURVEILLANCE,"FILE REF: 268A-CH-90412 DATE/TIME: 2025-08-13 16:42:00 EST REPORTING AGENT: SA Michael Chang (ID: 9910) PRIMARY SUBJECTS: Tariq Mansoor (Ghost), Sarah Lin (Accountant) NARRATIVE: On 2025-08-13 16:42:00 EST, surveillance team observed Tariq Mansoor operating White Freightliner Semi-Truck (Lic: TRK-9901). Subject traveled directly to 412 Oak Street, Paterson, NJ (Safehouse Alpha) where a clandestine meeting occurred with Sarah Lin. Subjects were observed discussing operations related to Apex Freight Logistics (1428 Elmwood Ave, Chicago IL). Subject Sarah Lin was seen carrying a sealed package into the facility. --------------------------------------------------------------------------------"
SECTION_45_WIRETAP_INTERCEPT,"FILE REF: 268A-CH-90412 DATE/TIME: 2025-08-14 04:43:00 EST REPORTING AGENT: SA Sarah Jenkins (ID: 4102) PRIMARY SUBJECTS: Victor Vance (The Tailor), Marcus Thorne (Enforcer) TARGET LINE: +1-312-555-0199 (Victor Vance) -> +1-202-555-0143 (Marcus Thorne) TRANSCRIPT:   [2025-08-14 04:43:00 EST] Victor Vance: 'Did you authorize the release for Meridian Holdings LLC (Shell Entity #8840)?'   [2025-08-14 04:43:00 EST] Marcus Thorne: 'It is pending at 88 Industrial Parkway, Newark, NJ (Warehouse Depot). We need $130,000 sent to Crypto Wallet 0x71C...3A9D (Darknet Link).'   [2025-08-14 04:43:00 EST] Victor Vance: 'Make sure Enforcer handles the transport in the White Freightliner Semi-Truck (Lic: TRK-9901).' --------------------------------------------------------------------------------"
SECTION_46_FINANCIAL_AUDIT_LOG,"FILE REF: 268A-CH-90412 DATE/TIME: 2025-08-14 06:13:00 EST REPORTING AGENT: SA Sarah Jenkins (ID: 4102) PRIMARY SUBJECTS: Marcus Thorne (Enforcer), Tariq Mansoor (Ghost) TRANSACTION RECORD:   Originator: Marcus Thorne / Pacific Import Export Co. (San Diego, CA)   Destination Account: First National Bank Acc #8839-10294-US   Amount: $207,000.00 USD   Notes: Suspicious activity flag triggered. Linked to phone +1-202-555-0143 active at 1428 Elmwood Avenue, Chicago, IL (Apex Freight HQ). --------------------------------------------------------------------------------"
SECTION_47_CDR_CELLULAR_TOWER_LOG,"FILE REF: 268A-CH-90412 DATE/TIME: 2025-08-14 11:48:00 EST REPORTING AGENT: SA David Ruiz (ID: 8842) PRIMARY SUBJECTS: Tariq Mansoor (Ghost), Marcus Thorne (Enforcer) CELLULAR INTERCEPT DATA:   Device A: Tariq Mansoor (+1-973-555-0167) | Device B: Marcus Thorne (+1-202-555-0143)   Cell Tower Sector: T-902 (1428 Elmwood Avenue, Chicago, IL (Apex Freight HQ))   Event: Call duration 166 seconds. Ping coordinates confirm both subjects in proximity. --------------------------------------------------------------------------------"
SECTION_48_FINANCIAL_AUDIT_LOG,"FILE REF: 268A-CH-90412 DATE/TIME: 2025-08-14 14:40:00 EST REPORTING AGENT: SA Sarah Jenkins (ID: 4102) PRIMARY SUBJECTS: Carlos Mendez (El Toro), Victor Vance (The Tailor) TRANSACTION RECORD:   Originator: Carlos Mendez / Horizon Global Transfer (Account HGT-9011)   Destination Account: Crypto Wallet 0x71C...3A9D (Darknet Link)   Amount: $130,000.00 USD   Notes: Suspicious activity flag triggered. Linked to phone +1-619-555-0199 active at 304 Pier Road, Gary, IN (Lakeside Bistro). --------------------------------------------------------------------------------"
SECTION_49_WIRETAP_INTERCEPT,"FILE REF: 268A-CH-90412 DATE/TIME: 2025-08-14 19:59:00 EST REPORTING AGENT: SA Michael Chang (ID: 9910) PRIMARY SUBJECTS: Carlos Mendez (El Toro), Marcus Thorne (Enforcer) TARGET LINE: +1-619-555-0199 (Carlos Mendez) -> +1-202-555-0143 (Marcus Thorne) TRANSCRIPT:   [2025-08-14 19:59:00 EST] Carlos Mendez: 'Did you authorize the release for Horizon Global Transfer (Account HGT-9011)?'   [2025-08-14 19:59:00 EST] Marcus Thorne: 'It is pending at 88 Industrial Parkway, Newark, NJ (Warehouse Depot). We need $118,000 sent to Crypto Wallet 0x71C...3A9D (Darknet Link).'   [2025-08-14 19:59:00 EST] Carlos Mendez: 'Make sure Enforcer handles the transport in the Silver Audi Q7 (VIN: WA1VAAFE4CD019283).' --------------------------------------------------------------------------------"
SECTION_50_FD-302_SURVEILLANCE,"FILE REF: 268A-CH-90412 DATE/TIME: 2025-08-15 05:25:00 EST REPORTING AGENT: SA Sarah Jenkins (ID: 4102) PRIMARY SUBJECTS: Victor Vance (The Tailor), Marcus Thorne (Enforcer) NARRATIVE: On 2025-08-15 05:25:00 EST, surveillance team observed Victor Vance operating Silver Audi Q7 (VIN: WA1VAAFE4CD019283). Subject traveled directly to Pier 4, Gary Port Facility, Gary, IN where a clandestine meeting occurred with Marcus Thorne. Subjects were observed discussing operations related to Apex Freight Logistics (1428 Elmwood Ave, Chicago IL). Subject Marcus Thorne was seen carrying a sealed package into the facility. --------------------------------------------------------------------------------"
SECTION_51_FD-302_SURVEILLANCE,"FILE REF: 268A-CH-90412 DATE/TIME: 2025-08-15 13:21:00 EST REPORTING AGENT: SA Michael Chang (ID: 9910) PRIMARY SUBJECTS: Tariq Mansoor (Ghost), Marcus Thorne (Enforcer) NARRATIVE: On 2025-08-15 13:21:00 EST, surveillance team observed Tariq Mansoor operating Black 2021 Ford Explorer (IL Plate: 7XYZ-89). Subject traveled directly to Pier 4, Gary Port Facility, Gary, IN where a clandestine meeting occurred with Marcus Thorne. Subjects were observed discussing operations related to Pacific Import Export Co. (San Diego, CA). Subject Marcus Thorne was seen carrying a sealed package into the facility. --------------------------------------------------------------------------------"
SECTION_52_CDR_CELLULAR_TOWER_LOG,"FILE REF: 268A-CH-90412 DATE/TIME: 2025-08-15 17:04:00 EST REPORTING AGENT: SA Michael Chang (ID: 9910) PRIMARY SUBJECTS: Elena Rostova (The Tsaritsa), Tariq Mansoor (Ghost) CELLULAR INTERCEPT DATA:   Device A: Elena Rostova (+1-312-555-0188) | Device B: Tariq Mansoor (+1-973-555-0167)   Cell Tower Sector: T-902 (304 Pier Road, Gary, IN (Lakeside Bistro))   Event: Call duration 29 seconds. Ping coordinates confirm both subjects in proximity. --------------------------------------------------------------------------------"
SECTION_53_FINANCIAL_AUDIT_LOG,"FILE REF: 268A-CH-90412 DATE/TIME: 2025-08-16 05:16:00 EST REPORTING AGENT: SA Sarah Jenkins (ID: 4102) PRIMARY SUBJECTS: Tariq Mansoor (Ghost), Marcus Thorne (Enforcer) TRANSACTION RECORD:   Originator: Tariq Mansoor / Meridian Holdings LLC (Shell Entity #8840)   Destination Account: Crypto Wallet 0x71C...3A9D (Darknet Link)   Amount: $220,000.00 USD   Notes: Suspicious activity flag triggered. Linked to phone +1-973-555-0167 active at 304 Pier Road, Gary, IN (Lakeside Bistro). --------------------------------------------------------------------------------"
SECTION_54_FD-302_SURVEILLANCE,"FILE REF: 268A-CH-90412 DATE/TIME: 2025-08-16 15:29:00 EST REPORTING AGENT: SA Michael Chang (ID: 9910) PRIMARY SUBJECTS: Carlos Mendez (El Toro), Marcus Thorne (Enforcer) NARRATIVE: On 2025-08-16 15:29:00 EST, surveillance team observed Carlos Mendez operating Silver Audi Q7 (VIN: WA1VAAFE4CD019283). Subject traveled directly to 88 Industrial Parkway, Newark, NJ (Warehouse Depot) where a clandestine meeting occurred with Marcus Thorne. Subjects were observed discussing operations related to Meridian Holdings LLC (Shell Entity #8840). Subject Marcus Thorne was seen carrying a sealed package into the facility. --------------------------------------------------------------------------------"
SECTION_55_FINANCIAL_AUDIT_LOG,"FILE REF: 268A-CH-90412 DATE/TIME: 2025-08-16 20:08:00 EST REPORTING AGENT: SA Sarah Jenkins (ID: 4102) PRIMARY SUBJECTS: Sarah Lin (Accountant), Victor Vance (The Tailor) TRANSACTION RECORD:   Originator: Sarah Lin / Horizon Global Transfer (Account HGT-9011)   Destination Account: Crypto Wallet 0x71C...3A9D (Darknet Link)   Amount: $550,000.00 USD   Notes: Suspicious activity flag triggered. Linked to phone +1-619-555-0122 active at 88 Industrial Parkway, Newark, NJ (Warehouse Depot). --------------------------------------------------------------------------------"
SECTION_56_WIRETAP_INTERCEPT,"FILE REF: 268A-CH-90412 DATE/TIME: 2025-08-17 08:35:00 EST REPORTING AGENT: SA David Ruiz (ID: 8842) PRIMARY SUBJECTS: Sarah Lin (Accountant), Elena Rostova (The Tsaritsa) TARGET LINE: +1-619-555-0122 (Sarah Lin) -> +1-312-555-0188 (Elena Rostova) TRANSCRIPT:   [2025-08-17 08:35:00 EST] Sarah Lin: 'Did you authorize the release for Horizon Global Transfer (Account HGT-9011)?'   [2025-08-17 08:35:00 EST] Elena Rostova: 'It is pending at 1428 Elmwood Avenue, Chicago, IL (Apex Freight HQ). We need $393,000 sent to Crypto Wallet 0x71C...3A9D (Darknet Link).'   [2025-08-17 08:35:00 EST] Sarah Lin: 'Make sure The Tsaritsa handles the transport in the Black 2021 Ford Explorer (IL Plate: 7XYZ-89).' --------------------------------------------------------------------------------"
SECTION_57_WIRETAP_INTERCEPT,"FILE REF: 268A-CH-90412 DATE/TIME: 2025-08-17 21:33:00 EST REPORTING AGENT: SA Michael Chang (ID: 9910) PRIMARY SUBJECTS: Victor Vance (The Tailor), Sarah Lin (Accountant) TARGET LINE: +1-312-555-0199 (Victor Vance) -> +1-619-555-0122 (Sarah Lin) TRANSCRIPT:   [2025-08-17 21:33:00 EST] Victor Vance: 'Did you authorize the release for Meridian Holdings LLC (Shell Entity #8840)?'   [2025-08-17 21:33:00 EST] Sarah Lin: 'It is pending at Pier 4, Gary Port Facility, Gary, IN. We need $274,000 sent to First National Bank Acc #8839-10294-US.'   [2025-08-17 21:33:00 EST] Victor Vance: 'Make sure Accountant handles the transport in the Silver Audi Q7 (VIN: WA1VAAFE4CD019283).' --------------------------------------------------------------------------------"
SECTION_58_FINANCIAL_AUDIT_LOG,"FILE REF: 268A-CH-90412 DATE/TIME: 2025-08-17 23:10:00 EST REPORTING AGENT: SA David Ruiz (ID: 8842) PRIMARY SUBJECTS: Elena Rostova (The Tsaritsa), Victor Vance (The Tailor) TRANSACTION RECORD:   Originator: Elena Rostova / Apex Freight Logistics (1428 Elmwood Ave, Chicago IL)   Destination Account: Bank of America Acc #5540-1920-3341   Amount: $913,000.00 USD   Notes: Suspicious activity flag triggered. Linked to phone +1-312-555-0188 active at Pier 4, Gary Port Facility, Gary, IN. --------------------------------------------------------------------------------"
SECTION_59_WIRETAP_INTERCEPT,"FILE REF: 268A-CH-90412 DATE/TIME: 2025-08-18 10:04:00 EST REPORTING AGENT: SA Sarah Jenkins (ID: 4102) PRIMARY SUBJECTS: Elena Rostova (The Tsaritsa), Tariq Mansoor (Ghost) TARGET LINE: +1-312-555-0188 (Elena Rostova) -> +1-973-555-0167 (Tariq Mansoor) TRANSCRIPT:   [2025-08-18 10:04:00 EST] Elena Rostova: 'Did you authorize the release for Pacific Import Export Co. (San Diego, CA)?'   [2025-08-18 10:04:00 EST] Tariq Mansoor: 'It is pending at 304 Pier Road, Gary, IN (Lakeside Bistro). We need $188,000 sent to First National Bank Acc #8839-10294-US.'   [2025-08-18 10:04:00 EST] Elena Rostova: 'Make sure Ghost handles the transport in the Silver Audi Q7 (VIN: WA1VAAFE4CD019283).' --------------------------------------------------------------------------------"
SECTION_60_FD-302_SURVEILLANCE,"FILE REF: 268A-CH-90412 DATE/TIME: 2025-08-18 11:38:00 EST REPORTING AGENT: SA Michael Chang (ID: 9910) PRIMARY SUBJECTS: Marcus Thorne (Enforcer), Tariq Mansoor (Ghost) NARRATIVE: On 2025-08-18 11:38:00 EST, surveillance team observed Marcus Thorne operating Black 2021 Ford Explorer (IL Plate: 7XYZ-89). Subject traveled directly to 304 Pier Road, Gary, IN (Lakeside Bistro) where a clandestine meeting occurred with Tariq Mansoor. Subjects were observed discussing operations related to Apex Freight Logistics (1428 Elmwood Ave, Chicago IL). Subject Tariq Mansoor was seen carrying a sealed package into the facility. --------------------------------------------------------------------------------"
SECTION_61_FD-302_SURVEILLANCE,"FILE REF: 268A-CH-90412 DATE/TIME: 2025-08-18 13:35:00 EST REPORTING AGENT: SA Sarah Jenkins (ID: 4102) PRIMARY SUBJECTS: Marcus Thorne (Enforcer), Carlos Mendez (El Toro) NARRATIVE: On 2025-08-18 13:35:00 EST, surveillance team observed Marcus Thorne operating White Freightliner Semi-Truck (Lic: TRK-9901). Subject traveled directly to 1428 Elmwood Avenue, Chicago, IL (Apex Freight HQ) where a clandestine meeting occurred with Carlos Mendez. Subjects were observed discussing operations related to Horizon Global Transfer (Account HGT-9011). Subject Carlos Mendez was seen carrying a sealed package into the facility. --------------------------------------------------------------------------------"
SECTION_62_CDR_CELLULAR_TOWER_LOG,"FILE REF: 268A-CH-90412 DATE/TIME: 2025-08-18 17:22:00 EST REPORTING AGENT: SA Sarah Jenkins (ID: 4102) PRIMARY SUBJECTS: Sarah Lin (Accountant), Tariq Mansoor (Ghost) CELLULAR INTERCEPT DATA:   Device A: Sarah Lin (+1-619-555-0122) | Device B: Tariq Mansoor (+1-973-555-0167)   Cell Tower Sector: T-902 (88 Industrial Parkway, Newark, NJ (Warehouse Depot))   Event: Call duration 255 seconds. Ping coordinates confirm both subjects in proximity. --------------------------------------------------------------------------------"
SECTION_63_FD-302_SURVEILLANCE,"FILE REF: 268A-CH-90412 DATE/TIME: 2025-08-18 20:09:00 EST REPORTING AGENT: SA Sarah Jenkins (ID: 4102) PRIMARY SUBJECTS: Sarah Lin (Accountant), Elena Rostova (The Tsaritsa) NARRATIVE: On 2025-08-18 20:09:00 EST, surveillance team observed Sarah Lin operating Silver Audi Q7 (VIN: WA1VAAFE4CD019283). Subject traveled directly to 304 Pier Road, Gary, IN (Lakeside Bistro) where a clandestine meeting occurred with Elena Rostova. Subjects were observed discussing operations related to Meridian Holdings LLC (Shell Entity #8840). Subject Elena Rostova was seen carrying a sealed package into the facility. --------------------------------------------------------------------------------"
SECTION_64_CDR_CELLULAR_TOWER_LOG,"FILE REF: 268A-CH-90412 DATE/TIME: 2025-08-19 07:48:00 EST REPORTING AGENT: SA Michael Chang (ID: 9910) PRIMARY SUBJECTS: Elena Rostova (The Tsaritsa), Marcus Thorne (Enforcer) CELLULAR INTERCEPT DATA:   Device A: Elena Rostova (+1-312-555-0188) | Device B: Marcus Thorne (+1-202-555-0143)   Cell Tower Sector: T-902 (304 Pier Road, Gary, IN (Lakeside Bistro))   Event: Call duration 285 seconds. Ping coordinates confirm both subjects in proximity. --------------------------------------------------------------------------------"
SECTION_65_WIRETAP_INTERCEPT,"FILE REF: 268A-CH-90412 DATE/TIME: 2025-08-19 14:34:00 EST REPORTING AGENT: SA Michael Chang (ID: 9910) PRIMARY SUBJECTS: Marcus Thorne (Enforcer), Tariq Mansoor (Ghost) TARGET LINE: +1-202-555-0143 (Marcus Thorne) -> +1-973-555-0167 (Tariq Mansoor) TRANSCRIPT:   [2025-08-19 14:34:00 EST] Marcus Thorne: 'Did you authorize the release for Pacific Import Export Co. (San Diego, CA)?'   [2025-08-19 14:34:00 EST] Tariq Mansoor: 'It is pending at Pier 4, Gary Port Facility, Gary, IN. We need $466,000 sent to Bank of America Acc #5540-1920-3341.'   [2025-08-19 14:34:00 EST] Marcus Thorne: 'Make sure Ghost handles the transport in the White Freightliner Semi-Truck (Lic: TRK-9901).' --------------------------------------------------------------------------------"
SECTION_66_FD-302_SURVEILLANCE,"FILE REF: 268A-CH-90412 DATE/TIME: 2025-08-19 20:26:00 EST REPORTING AGENT: SA Michael Chang (ID: 9910) PRIMARY SUBJECTS: Tariq Mansoor (Ghost), Marcus Thorne (Enforcer) NARRATIVE: On 2025-08-19 20:26:00 EST, surveillance team observed Tariq Mansoor operating White Freightliner Semi-Truck (Lic: TRK-9901). Subject traveled directly to 304 Pier Road, Gary, IN (Lakeside Bistro) where a clandestine meeting occurred with Marcus Thorne. Subjects were observed discussing operations related to Apex Freight Logistics (1428 Elmwood Ave, Chicago IL). Subject Marcus Thorne was seen carrying a sealed package into the facility. --------------------------------------------------------------------------------"
SECTION_67_FINANCIAL_AUDIT_LOG,"FILE REF: 268A-CH-90412 DATE/TIME: 2025-08-20 07:02:00 EST REPORTING AGENT: SA Sarah Jenkins (ID: 4102) PRIMARY SUBJECTS: Marcus Thorne (Enforcer), Elena Rostova (The Tsaritsa) TRANSACTION RECORD:   Originator: Marcus Thorne / Apex Freight Logistics (1428 Elmwood Ave, Chicago IL)   Destination Account: First National Bank Acc #8839-10294-US   Amount: $377,000.00 USD   Notes: Suspicious activity flag triggered. Linked to phone +1-202-555-0143 active at 1428 Elmwood Avenue, Chicago, IL (Apex Freight HQ). --------------------------------------------------------------------------------"
SECTION_68_CDR_CELLULAR_TOWER_LOG,"FILE REF: 268A-CH-90412 DATE/TIME: 2025-08-20 17:27:00 EST REPORTING AGENT: SA Sarah Jenkins (ID: 4102) PRIMARY SUBJECTS: Elena Rostova (The Tsaritsa), Sarah Lin (Accountant) CELLULAR INTERCEPT DATA:   Device A: Elena Rostova (+1-312-555-0188) | Device B: Sarah Lin (+1-619-555-0122)   Cell Tower Sector: T-902 (412 Oak Street, Paterson, NJ (Safehouse Alpha))   Event: Call duration 147 seconds. Ping coordinates confirm both subjects in proximity. --------------------------------------------------------------------------------"
SECTION_69_WIRETAP_INTERCEPT,"FILE REF: 268A-CH-90412 DATE/TIME: 2025-08-20 19:28:00 EST REPORTING AGENT: SA Michael Chang (ID: 9910) PRIMARY SUBJECTS: Tariq Mansoor (Ghost), Victor Vance (The Tailor) TARGET LINE: +1-973-555-0167 (Tariq Mansoor) -> +1-312-555-0199 (Victor Vance) TRANSCRIPT:   [2025-08-20 19:28:00 EST] Tariq Mansoor: 'Did you authorize the release for Pacific Import Export Co. (San Diego, CA)?'   [2025-08-20 19:28:00 EST] Victor Vance: 'It is pending at Pier 4, Gary Port Facility, Gary, IN. We need $248,000 sent to First National Bank Acc #8839-10294-US.'   [2025-08-20 19:28:00 EST] Tariq Mansoor: 'Make sure The Tailor handles the transport in the Silver Audi Q7 (VIN: WA1VAAFE4CD019283).' --------------------------------------------------------------------------------"
SECTION_70_WIRETAP_INTERCEPT,"FILE REF: 268A-CH-90412 DATE/TIME: 2025-08-20 22:53:00 EST REPORTING AGENT: SA Sarah Jenkins (ID: 4102) PRIMARY SUBJECTS: Victor Vance (The Tailor), Elena Rostova (The Tsaritsa) TARGET LINE: +1-312-555-0199 (Victor Vance) -> +1-312-555-0188 (Elena Rostova) TRANSCRIPT:   [2025-08-20 22:53:00 EST] Victor Vance: 'Did you authorize the release for Pacific Import Export Co. (San Diego, CA)?'   [2025-08-20 22:53:00 EST] Elena Rostova: 'It is pending at 304 Pier Road, Gary, IN (Lakeside Bistro). We need $134,000 sent to First National Bank Acc #8839-10294-US.'   [2025-08-20 22:53:00 EST] Victor Vance: 'Make sure The Tsaritsa handles the transport in the White Freightliner Semi-Truck (Lic: TRK-9901).' --------------------------------------------------------------------------------"
SECTION_71_WIRETAP_INTERCEPT,"FILE REF: 268A-CH-90412 DATE/TIME: 2025-08-20 23:58:00 EST REPORTING AGENT: SA David Ruiz (ID: 8842) PRIMARY SUBJECTS: Elena Rostova (The Tsaritsa), Victor Vance (The Tailor) TARGET LINE: +1-312-555-0188 (Elena Rostova) -> +1-312-555-0199 (Victor Vance) TRANSCRIPT:   [2025-08-20 23:58:00 EST] Elena Rostova: 'Did you authorize the release for Pacific Import Export Co. (San Diego, CA)?'   [2025-08-20 23:58:00 EST] Victor Vance: 'It is pending at 412 Oak Street, Paterson, NJ (Safehouse Alpha). We need $240,000 sent to Crypto Wallet 0x71C...3A9D (Darknet Link).'   [2025-08-20 23:58:00 EST] Elena Rostova: 'Make sure The Tailor handles the transport in the Black 2021 Ford Explorer (IL Plate: 7XYZ-89).' --------------------------------------------------------------------------------"
SECTION_72_FD-302_SURVEILLANCE,"FILE REF: 268A-CH-90412 DATE/TIME: 2025-08-21 06:44:00 EST REPORTING AGENT: SA David Ruiz (ID: 8842) PRIMARY SUBJECTS: Marcus Thorne (Enforcer), Tariq Mansoor (Ghost) NARRATIVE: On 2025-08-21 06:44:00 EST, surveillance team observed Marcus Thorne operating Black 2021 Ford Explorer (IL Plate: 7XYZ-89). Subject traveled directly to 412 Oak Street, Paterson, NJ (Safehouse Alpha) where a clandestine meeting occurred with Tariq Mansoor. Subjects were observed discussing operations related to Meridian Holdings LLC (Shell Entity #8840). Subject Tariq Mansoor was seen carrying a sealed package into the facility. --------------------------------------------------------------------------------"
SECTION_73_CDR_CELLULAR_TOWER_LOG,"FILE REF: 268A-CH-90412 DATE/TIME: 2025-08-21 19:27:00 EST REPORTING AGENT: SA Sarah Jenkins (ID: 4102) PRIMARY SUBJECTS: Tariq Mansoor (Ghost), Sarah Lin (Accountant) CELLULAR INTERCEPT DATA:   Device A: Tariq Mansoor (+1-973-555-0167) | Device B: Sarah Lin (+1-619-555-0122)   Cell Tower Sector: T-902 (304 Pier Road, Gary, IN (Lakeside Bistro))   Event: Call duration 84 seconds. Ping coordinates confirm both subjects in proximity. --------------------------------------------------------------------------------"
SECTION_74_WIRETAP_INTERCEPT,"FILE REF: 268A-CH-90412 DATE/TIME: 2025-08-21 23:41:00 EST REPORTING AGENT: SA David Ruiz (ID: 8842) PRIMARY SUBJECTS: Marcus Thorne (Enforcer), Elena Rostova (The Tsaritsa) TARGET LINE: +1-202-555-0143 (Marcus Thorne) -> +1-312-555-0188 (Elena Rostova) TRANSCRIPT:   [2025-08-21 23:41:00 EST] Marcus Thorne: 'Did you authorize the release for Meridian Holdings LLC (Shell Entity #8840)?'   [2025-08-21 23:41:00 EST] Elena Rostova: 'It is pending at 412 Oak Street, Paterson, NJ (Safehouse Alpha). We need $218,000 sent to First National Bank Acc #8839-10294-US.'   [2025-08-21 23:41:00 EST] Marcus Thorne: 'Make sure The Tsaritsa handles the transport in the Black 2021 Ford Explorer (IL Plate: 7XYZ-89).' --------------------------------------------------------------------------------"
SECTION_75_FINANCIAL_AUDIT_LOG,"FILE REF: 268A-CH-90412 DATE/TIME: 2025-08-22 07:35:00 EST REPORTING AGENT: SA Michael Chang (ID: 9910) PRIMARY SUBJECTS: Sarah Lin (Accountant), Marcus Thorne (Enforcer) TRANSACTION RECORD:   Originator: Sarah Lin / Apex Freight Logistics (1428 Elmwood Ave, Chicago IL)   Destination Account: Crypto Wallet 0x71C...3A9D (Darknet Link)   Amount: $74,000.00 USD   Notes: Suspicious activity flag triggered. Linked to phone +1-619-555-0122 active at 304 Pier Road, Gary, IN (Lakeside Bistro). --------------------------------------------------------------------------------"
SECTION_76_FD-302_SURVEILLANCE,"FILE REF: 268A-CH-90412 DATE/TIME: 2025-08-22 15:18:00 EST REPORTING AGENT: SA Sarah Jenkins (ID: 4102) PRIMARY SUBJECTS: Marcus Thorne (Enforcer), Carlos Mendez (El Toro) NARRATIVE: On 2025-08-22 15:18:00 EST, surveillance team observed Marcus Thorne operating White Freightliner Semi-Truck (Lic: TRK-9901). Subject traveled directly to 304 Pier Road, Gary, IN (Lakeside Bistro) where a clandestine meeting occurred with Carlos Mendez. Subjects were observed discussing operations related to Apex Freight Logistics (1428 Elmwood Ave, Chicago IL). Subject Carlos Mendez was seen carrying a sealed package into the facility. --------------------------------------------------------------------------------"
SECTION_77_CDR_CELLULAR_TOWER_LOG,"FILE REF: 268A-CH-90412 DATE/TIME: 2025-08-22 21:44:00 EST REPORTING AGENT: SA David Ruiz (ID: 8842) PRIMARY SUBJECTS: Elena Rostova (The Tsaritsa), Victor Vance (The Tailor) CELLULAR INTERCEPT DATA:   Device A: Elena Rostova (+1-312-555-0188) | Device B: Victor Vance (+1-312-555-0199)   Cell Tower Sector: T-902 (Pier 4, Gary Port Facility, Gary, IN)   Event: Call duration 70 seconds. Ping coordinates confirm both subjects in proximity. --------------------------------------------------------------------------------"
SECTION_78_FINANCIAL_AUDIT_LOG,"FILE REF: 268A-CH-90412 DATE/TIME: 2025-08-22 22:57:00 EST REPORTING AGENT: SA Sarah Jenkins (ID: 4102) PRIMARY SUBJECTS: Marcus Thorne (Enforcer), Tariq Mansoor (Ghost) TRANSACTION RECORD:   Originator: Marcus Thorne / Horizon Global Transfer (Account HGT-9011)   Destination Account: Bank of America Acc #5540-1920-3341   Amount: $297,000.00 USD   Notes: Suspicious activity flag triggered. Linked to phone +1-202-555-0143 active at 304 Pier Road, Gary, IN (Lakeside Bistro). --------------------------------------------------------------------------------"
SECTION_79_WIRETAP_INTERCEPT,"FILE REF: 268A-CH-90412 DATE/TIME: 2025-08-23 07:18:00 EST REPORTING AGENT: SA Sarah Jenkins (ID: 4102) PRIMARY SUBJECTS: Sarah Lin (Accountant), Tariq Mansoor (Ghost) TARGET LINE: +1-619-555-0122 (Sarah Lin) -> +1-973-555-0167 (Tariq Mansoor) TRANSCRIPT:   [2025-08-23 07:18:00 EST] Sarah Lin: 'Did you authorize the release for Apex Freight Logistics (1428 Elmwood Ave, Chicago IL)?'   [2025-08-23 07:18:00 EST] Tariq Mansoor: 'It is pending at 304 Pier Road, Gary, IN (Lakeside Bistro). We need $278,000 sent to Bank of America Acc #5540-1920-3341.'   [2025-08-23 07:18:00 EST] Sarah Lin: 'Make sure Ghost handles the transport in the White Freightliner Semi-Truck (Lic: TRK-9901).' --------------------------------------------------------------------------------"
SECTION_80_FINANCIAL_AUDIT_LOG,"FILE REF: 268A-CH-90412 DATE/TIME: 2025-08-23 11:43:00 EST REPORTING AGENT: SA Sarah Jenkins (ID: 4102) PRIMARY SUBJECTS: Carlos Mendez (El Toro), Tariq Mansoor (Ghost) TRANSACTION RECORD:   Originator: Carlos Mendez / Apex Freight Logistics (1428 Elmwood Ave, Chicago IL)   Destination Account: Crypto Wallet 0x71C...3A9D (Darknet Link)   Amount: $152,000.00 USD   Notes: Suspicious activity flag triggered. Linked to phone +1-619-555-0199 active at 304 Pier Road, Gary, IN (Lakeside Bistro). --------------------------------------------------------------------------------"
SECTION_81_FINANCIAL_AUDIT_LOG,"FILE REF: 268A-CH-90412 DATE/TIME: 2025-08-23 23:59:00 EST REPORTING AGENT: SA Sarah Jenkins (ID: 4102) PRIMARY SUBJECTS: Sarah Lin (Accountant), Tariq Mansoor (Ghost) TRANSACTION RECORD:   Originator: Sarah Lin / Apex Freight Logistics (1428 Elmwood Ave, Chicago IL)   Destination Account: Crypto Wallet 0x71C...3A9D (Darknet Link)   Amount: $252,000.00 USD   Notes: Suspicious activity flag triggered. Linked to phone +1-619-555-0122 active at 412 Oak Street, Paterson, NJ (Safehouse Alpha). --------------------------------------------------------------------------------"
SECTION_82_CDR_CELLULAR_TOWER_LOG,"FILE REF: 268A-CH-90412 DATE/TIME: 2025-08-24 04:13:00 EST REPORTING AGENT: SA David Ruiz (ID: 8842) PRIMARY SUBJECTS: Tariq Mansoor (Ghost), Carlos Mendez (El Toro) CELLULAR INTERCEPT DATA:   Device A: Tariq Mansoor (+1-973-555-0167) | Device B: Carlos Mendez (+1-619-555-0199)   Cell Tower Sector: T-902 (Pier 4, Gary Port Facility, Gary, IN)   Event: Call duration 218 seconds. Ping coordinates confirm both subjects in proximity. --------------------------------------------------------------------------------"
SECTION_83_FINANCIAL_AUDIT_LOG,"FILE REF: 268A-CH-90412 DATE/TIME: 2025-08-24 14:11:00 EST REPORTING AGENT: SA David Ruiz (ID: 8842) PRIMARY SUBJECTS: Elena Rostova (The Tsaritsa), Sarah Lin (Accountant) TRANSACTION RECORD:   Originator: Elena Rostova / Apex Freight Logistics (1428 Elmwood Ave, Chicago IL)   Destination Account: Bank of America Acc #5540-1920-3341   Amount: $700,000.00 USD   Notes: Suspicious activity flag triggered. Linked to phone +1-312-555-0188 active at 412 Oak Street, Paterson, NJ (Safehouse Alpha). --------------------------------------------------------------------------------"
SECTION_84_CDR_CELLULAR_TOWER_LOG,"FILE REF: 268A-CH-90412 DATE/TIME: 2025-08-24 21:20:00 EST REPORTING AGENT: SA David Ruiz (ID: 8842) PRIMARY SUBJECTS: Victor Vance (The Tailor), Marcus Thorne (Enforcer) CELLULAR INTERCEPT DATA:   Device A: Victor Vance (+1-312-555-0199) | Device B: Marcus Thorne (+1-202-555-0143)   Cell Tower Sector: T-902 (Pier 4, Gary Port Facility, Gary, IN)   Event: Call duration 180 seconds. Ping coordinates confirm both subjects in proximity. --------------------------------------------------------------------------------"
SECTION_85_CDR_CELLULAR_TOWER_LOG,"FILE REF: 268A-CH-90412 DATE/TIME: 2025-08-25 02:39:00 EST REPORTING AGENT: SA Michael Chang (ID: 9910) PRIMARY SUBJECTS: Carlos Mendez (El Toro), Tariq Mansoor (Ghost) CELLULAR INTERCEPT DATA:   Device A: Carlos Mendez (+1-619-555-0199) | Device B: Tariq Mansoor (+1-973-555-0167)   Cell Tower Sector: T-902 (88 Industrial Parkway, Newark, NJ (Warehouse Depot))   Event: Call duration 222 seconds. Ping coordinates confirm both subjects in proximity. --------------------------------------------------------------------------------"
SECTION_86_CDR_CELLULAR_TOWER_LOG,"FILE REF: 268A-CH-90412 DATE/TIME: 2025-08-25 12:01:00 EST REPORTING AGENT: SA Sarah Jenkins (ID: 4102) PRIMARY SUBJECTS: Marcus Thorne (Enforcer), Tariq Mansoor (Ghost) CELLULAR INTERCEPT DATA:   Device A: Marcus Thorne (+1-202-555-0143) | Device B: Tariq Mansoor (+1-973-555-0167)   Cell Tower Sector: T-902 (Pier 4, Gary Port Facility, Gary, IN)   Event: Call duration 94 seconds. Ping coordinates confirm both subjects in proximity. --------------------------------------------------------------------------------"
SECTION_87_WIRETAP_INTERCEPT,"FILE REF: 268A-CH-90412 DATE/TIME: 2025-08-25 14:09:00 EST REPORTING AGENT: SA David Ruiz (ID: 8842) PRIMARY SUBJECTS: Tariq Mansoor (Ghost), Victor Vance (The Tailor) TARGET LINE: +1-973-555-0167 (Tariq Mansoor) -> +1-312-555-0199 (Victor Vance) TRANSCRIPT:   [2025-08-25 14:09:00 EST] Tariq Mansoor: 'Did you authorize the release for Horizon Global Transfer (Account HGT-9011)?'   [2025-08-25 14:09:00 EST] Victor Vance: 'It is pending at 88 Industrial Parkway, Newark, NJ (Warehouse Depot). We need $331,000 sent to Crypto Wallet 0x71C...3A9D (Darknet Link).'   [2025-08-25 14:09:00 EST] Tariq Mansoor: 'Make sure The Tailor handles the transport in the White Freightliner Semi-Truck (Lic: TRK-9901).' --------------------------------------------------------------------------------"
SECTION_88_FINANCIAL_AUDIT_LOG,"FILE REF: 268A-CH-90412 DATE/TIME: 2025-08-26 00:07:00 EST REPORTING AGENT: SA Michael Chang (ID: 9910) PRIMARY SUBJECTS: Victor Vance (The Tailor), Marcus Thorne (Enforcer) TRANSACTION RECORD:   Originator: Victor Vance / Apex Freight Logistics (1428 Elmwood Ave, Chicago IL)   Destination Account: Bank of America Acc #5540-1920-3341   Amount: $190,000.00 USD   Notes: Suspicious activity flag triggered. Linked to phone +1-312-555-0199 active at 304 Pier Road, Gary, IN (Lakeside Bistro). --------------------------------------------------------------------------------"
SECTION_89_FD-302_SURVEILLANCE,"FILE REF: 268A-CH-90412 DATE/TIME: 2025-08-26 11:10:00 EST REPORTING AGENT: SA David Ruiz (ID: 8842) PRIMARY SUBJECTS: Elena Rostova (The Tsaritsa), Carlos Mendez (El Toro) NARRATIVE: On 2025-08-26 11:10:00 EST, surveillance team observed Elena Rostova operating Silver Audi Q7 (VIN: WA1VAAFE4CD019283). Subject traveled directly to 412 Oak Street, Paterson, NJ (Safehouse Alpha) where a clandestine meeting occurred with Carlos Mendez. Subjects were observed discussing operations related to Meridian Holdings LLC (Shell Entity #8840). Subject Carlos Mendez was seen carrying a sealed package into the facility. --------------------------------------------------------------------------------"
SECTION_90_CDR_CELLULAR_TOWER_LOG,"FILE REF: 268A-CH-90412 DATE/TIME: 2025-08-26 22:53:00 EST REPORTING AGENT: SA Michael Chang (ID: 9910) PRIMARY SUBJECTS: Elena Rostova (The Tsaritsa), Sarah Lin (Accountant) CELLULAR INTERCEPT DATA:   Device A: Elena Rostova (+1-312-555-0188) | Device B: Sarah Lin (+1-619-555-0122)   Cell Tower Sector: T-902 (412 Oak Street, Paterson, NJ (Safehouse Alpha))   Event: Call duration 383 seconds. Ping coordinates confirm both subjects in proximity. --------------------------------------------------------------------------------"
SECTION_91_FD-302_SURVEILLANCE,"FILE REF: 268A-CH-90412 DATE/TIME: 2025-08-27 03:37:00 EST REPORTING AGENT: SA Sarah Jenkins (ID: 4102) PRIMARY SUBJECTS: Sarah Lin (Accountant), Elena Rostova (The Tsaritsa) NARRATIVE: On 2025-08-27 03:37:00 EST, surveillance team observed Sarah Lin operating White Freightliner Semi-Truck (Lic: TRK-9901). Subject traveled directly to 88 Industrial Parkway, Newark, NJ (Warehouse Depot) where a clandestine meeting occurred with Elena Rostova. Subjects were observed discussing operations related to Horizon Global Transfer (Account HGT-9011). Subject Elena Rostova was seen carrying a sealed package into the facility. --------------------------------------------------------------------------------"
SECTION_92_FINANCIAL_AUDIT_LOG,"FILE REF: 268A-CH-90412 DATE/TIME: 2025-08-27 08:53:00 EST REPORTING AGENT: SA Michael Chang (ID: 9910) PRIMARY SUBJECTS: Marcus Thorne (Enforcer), Sarah Lin (Accountant) TRANSACTION RECORD:   Originator: Marcus Thorne / Apex Freight Logistics (1428 Elmwood Ave, Chicago IL)   Destination Account: Crypto Wallet 0x71C...3A9D (Darknet Link)   Amount: $640,000.00 USD   Notes: Suspicious activity flag triggered. Linked to phone +1-202-555-0143 active at 304 Pier Road, Gary, IN (Lakeside Bistro). --------------------------------------------------------------------------------"
SECTION_93_WIRETAP_INTERCEPT,"FILE REF: 268A-CH-90412 DATE/TIME: 2025-08-27 20:59:00 EST REPORTING AGENT: SA Michael Chang (ID: 9910) PRIMARY SUBJECTS: Sarah Lin (Accountant), Elena Rostova (The Tsaritsa) TARGET LINE: +1-619-555-0122 (Sarah Lin) -> +1-312-555-0188 (Elena Rostova) TRANSCRIPT:   [2025-08-27 20:59:00 EST] Sarah Lin: 'Did you authorize the release for Pacific Import Export Co. (San Diego, CA)?'   [2025-08-27 20:59:00 EST] Elena Rostova: 'It is pending at 304 Pier Road, Gary, IN (Lakeside Bistro). We need $171,000 sent to First National Bank Acc #8839-10294-US.'   [2025-08-27 20:59:00 EST] Sarah Lin: 'Make sure The Tsaritsa handles the transport in the Black 2021 Ford Explorer (IL Plate: 7XYZ-89).' --------------------------------------------------------------------------------"
SECTION_94_CDR_CELLULAR_TOWER_LOG,"FILE REF: 268A-CH-90412 DATE/TIME: 2025-08-28 09:06:00 EST REPORTING AGENT: SA Sarah Jenkins (ID: 4102) PRIMARY SUBJECTS: Sarah Lin (Accountant), Tariq Mansoor (Ghost) CELLULAR INTERCEPT DATA:   Device A: Sarah Lin (+1-619-555-0122) | Device B: Tariq Mansoor (+1-973-555-0167)   Cell Tower Sector: T-902 (1428 Elmwood Avenue, Chicago, IL (Apex Freight HQ))   Event: Call duration 227 seconds. Ping coordinates confirm both subjects in proximity. --------------------------------------------------------------------------------"
SECTION_95_FD-302_SURVEILLANCE,"FILE REF: 268A-CH-90412 DATE/TIME: 2025-08-28 18:03:00 EST REPORTING AGENT: SA Sarah Jenkins (ID: 4102) PRIMARY SUBJECTS: Carlos Mendez (El Toro), Marcus Thorne (Enforcer) NARRATIVE: On 2025-08-28 18:03:00 EST, surveillance team observed Carlos Mendez operating Black 2021 Ford Explorer (IL Plate: 7XYZ-89). Subject traveled directly to 1428 Elmwood Avenue, Chicago, IL (Apex Freight HQ) where a clandestine meeting occurred with Marcus Thorne. Subjects were observed discussing operations related to Meridian Holdings LLC (Shell Entity #8840). Subject Marcus Thorne was seen carrying a sealed package into the facility. --------------------------------------------------------------------------------"
SECTION_96_WIRETAP_INTERCEPT,"FILE REF: 268A-CH-90412 DATE/TIME: 2025-08-29 06:15:00 EST REPORTING AGENT: SA Sarah Jenkins (ID: 4102) PRIMARY SUBJECTS: Sarah Lin (Accountant), Carlos Mendez (El Toro) TARGET LINE: +1-619-555-0122 (Sarah Lin) -> +1-619-555-0199 (Carlos Mendez) TRANSCRIPT:   [2025-08-29 06:15:00 EST] Sarah Lin: 'Did you authorize the release for Apex Freight Logistics (1428 Elmwood Ave, Chicago IL)?'   [2025-08-29 06:15:00 EST] Carlos Mendez: 'It is pending at 1428 Elmwood Avenue, Chicago, IL (Apex Freight HQ). We need $261,000 sent to Bank of America Acc #5540-1920-3341.'   [2025-08-29 06:15:00 EST] Sarah Lin: 'Make sure El Toro handles the transport in the White Freightliner Semi-Truck (Lic: TRK-9901).' --------------------------------------------------------------------------------"
SECTION_97_FINANCIAL_AUDIT_LOG,"FILE REF: 268A-CH-90412 DATE/TIME: 2025-08-29 09:42:00 EST REPORTING AGENT: SA David Ruiz (ID: 8842) PRIMARY SUBJECTS: Carlos Mendez (El Toro), Elena Rostova (The Tsaritsa) TRANSACTION RECORD:   Originator: Carlos Mendez / Apex Freight Logistics (1428 Elmwood Ave, Chicago IL)   Destination Account: Bank of America Acc #5540-1920-3341   Amount: $153,000.00 USD   Notes: Suspicious activity flag triggered. Linked to phone +1-619-555-0199 active at Pier 4, Gary Port Facility, Gary, IN. --------------------------------------------------------------------------------"
SECTION_98_WIRETAP_INTERCEPT,"FILE REF: 268A-CH-90412 DATE/TIME: 2025-08-29 17:34:00 EST REPORTING AGENT: SA David Ruiz (ID: 8842) PRIMARY SUBJECTS: Sarah Lin (Accountant), Carlos Mendez (El Toro) TARGET LINE: +1-619-555-0122 (Sarah Lin) -> +1-619-555-0199 (Carlos Mendez) TRANSCRIPT:   [2025-08-29 17:34:00 EST] Sarah Lin: 'Did you authorize the release for Horizon Global Transfer (Account HGT-9011)?'   [2025-08-29 17:34:00 EST] Carlos Mendez: 'It is pending at 412 Oak Street, Paterson, NJ (Safehouse Alpha). We need $70,000 sent to First National Bank Acc #8839-10294-US.'   [2025-08-29 17:34:00 EST] Sarah Lin: 'Make sure El Toro handles the transport in the White Freightliner Semi-Truck (Lic: TRK-9901).' --------------------------------------------------------------------------------"
SECTION_99_CDR_CELLULAR_TOWER_LOG,"FILE REF: 268A-CH-90412 DATE/TIME: 2025-08-30 01:34:00 EST REPORTING AGENT: SA Sarah Jenkins (ID: 4102) PRIMARY SUBJECTS: Elena Rostova (The Tsaritsa), Victor Vance (The Tailor) CELLULAR INTERCEPT DATA:   Device A: Elena Rostova (+1-312-555-0188) | Device B: Victor Vance (+1-312-555-0199)   Cell Tower Sector: T-902 (Pier 4, Gary Port Facility, Gary, IN)   Event: Call duration 285 seconds. Ping coordinates confirm both subjects in proximity. --------------------------------------------------------------------------------"
SECTION_100_WIRETAP_INTERCEPT,"FILE REF: 268A-CH-90412 DATE/TIME: 2025-08-30 07:22:00 EST REPORTING AGENT: SA Sarah Jenkins (ID: 4102) PRIMARY SUBJECTS: Elena Rostova (The Tsaritsa), Sarah Lin (Accountant) TARGET LINE: +1-312-555-0188 (Elena Rostova) -> +1-619-555-0122 (Sarah Lin) TRANSCRIPT:   [2025-08-30 07:22:00 EST] Elena Rostova: 'Did you authorize the release for Meridian Holdings LLC (Shell Entity #8840)?'   [2025-08-30 07:22:00 EST] Sarah Lin: 'It is pending at 88 Industrial Parkway, Newark, NJ (Warehouse Depot). We need $468,000 sent to First National Bank Acc #8839-10294-US.'   [2025-08-30 07:22:00 EST] Elena Rostova: 'Make sure Accountant handles the transport in the Silver Audi Q7 (VIN: WA1VAAFE4CD019283).' --------------------------------------------------------------------------------"
SECTION_101_FINANCIAL_AUDIT_LOG,"FILE REF: 268A-CH-90412 DATE/TIME: 2025-08-30 11:10:00 EST REPORTING AGENT: SA Michael Chang (ID: 9910) PRIMARY SUBJECTS: Carlos Mendez (El Toro), Sarah Lin (Accountant) TRANSACTION RECORD:   Originator: Carlos Mendez / Apex Freight Logistics (1428 Elmwood Ave, Chicago IL)   Destination Account: First National Bank Acc #8839-10294-US   Amount: $462,000.00 USD   Notes: Suspicious activity flag triggered. Linked to phone +1-619-555-0199 active at 88 Industrial Parkway, Newark, NJ (Warehouse Depot). --------------------------------------------------------------------------------"
SECTION_102_FD-302_SURVEILLANCE,"FILE REF: 268A-CH-90412 DATE/TIME: 2025-08-30 22:41:00 EST REPORTING AGENT: SA David Ruiz (ID: 8842) PRIMARY SUBJECTS: Marcus Thorne (Enforcer), Sarah Lin (Accountant) NARRATIVE: On 2025-08-30 22:41:00 EST, surveillance team observed Marcus Thorne operating Silver Audi Q7 (VIN: WA1VAAFE4CD019283). Subject traveled directly to 1428 Elmwood Avenue, Chicago, IL (Apex Freight HQ) where a clandestine meeting occurred with Sarah Lin. Subjects were observed discussing operations related to Horizon Global Transfer (Account HGT-9011). Subject Sarah Lin was seen carrying a sealed package into the facility. --------------------------------------------------------------------------------"
SECTION_103_FD-302_SURVEILLANCE,"FILE REF: 268A-CH-90412 DATE/TIME: 2025-08-31 03:27:00 EST REPORTING AGENT: SA David Ruiz (ID: 8842) PRIMARY SUBJECTS: Carlos Mendez (El Toro), Marcus Thorne (Enforcer) NARRATIVE: On 2025-08-31 03:27:00 EST, surveillance team observed Carlos Mendez operating Silver Audi Q7 (VIN: WA1VAAFE4CD019283). Subject traveled directly to Pier 4, Gary Port Facility, Gary, IN where a clandestine meeting occurred with Marcus Thorne. Subjects were observed discussing operations related to Meridian Holdings LLC (Shell Entity #8840). Subject Marcus Thorne was seen carrying a sealed package into the facility. --------------------------------------------------------------------------------"
SECTION_104_FD-302_SURVEILLANCE,"FILE REF: 268A-CH-90412 DATE/TIME: 2025-08-31 07:23:00 EST REPORTING AGENT: SA Michael Chang (ID: 9910) PRIMARY SUBJECTS: Victor Vance (The Tailor), Carlos Mendez (El Toro) NARRATIVE: On 2025-08-31 07:23:00 EST, surveillance team observed Victor Vance operating Silver Audi Q7 (VIN: WA1VAAFE4CD019283). Subject traveled directly to 304 Pier Road, Gary, IN (Lakeside Bistro) where a clandestine meeting occurred with Carlos Mendez. Subjects were observed discussing operations related to Horizon Global Transfer (Account HGT-9011). Subject Carlos Mendez was seen carrying a sealed package into the facility. --------------------------------------------------------------------------------"
SECTION_105_FINANCIAL_AUDIT_LOG,"FILE REF: 268A-CH-90412 DATE/TIME: 2025-08-31 17:52:00 EST REPORTING AGENT: SA Sarah Jenkins (ID: 4102) PRIMARY SUBJECTS: Marcus Thorne (Enforcer), Tariq Mansoor (Ghost) TRANSACTION RECORD:   Originator: Marcus Thorne / Meridian Holdings LLC (Shell Entity #8840)   Destination Account: First National Bank Acc #8839-10294-US   Amount: $749,000.00 USD   Notes: Suspicious activity flag triggered. Linked to phone +1-202-555-0143 active at Pier 4, Gary Port Facility, Gary, IN. --------------------------------------------------------------------------------"
SECTION_106_FD-302_SURVEILLANCE,"FILE REF: 268A-CH-90412 DATE/TIME: 2025-08-31 22:05:00 EST REPORTING AGENT: SA Sarah Jenkins (ID: 4102) PRIMARY SUBJECTS: Tariq Mansoor (Ghost), Sarah Lin (Accountant) NARRATIVE: On 2025-08-31 22:05:00 EST, surveillance team observed Tariq Mansoor operating White Freightliner Semi-Truck (Lic: TRK-9901). Subject traveled directly to 412 Oak Street, Paterson, NJ (Safehouse Alpha) where a clandestine meeting occurred with Sarah Lin. Subjects were observed discussing operations related to Horizon Global Transfer (Account HGT-9011). Subject Sarah Lin was seen carrying a sealed package into the facility. --------------------------------------------------------------------------------"
SECTION_107_CDR_CELLULAR_TOWER_LOG,"FILE REF: 268A-CH-90412 DATE/TIME: 2025-09-01 00:30:00 EST REPORTING AGENT: SA Sarah Jenkins (ID: 4102) PRIMARY SUBJECTS: Carlos Mendez (El Toro), Marcus Thorne (Enforcer) CELLULAR INTERCEPT DATA:   Device A: Carlos Mendez (+1-619-555-0199) | Device B: Marcus Thorne (+1-202-555-0143)   Cell Tower Sector: T-902 (Pier 4, Gary Port Facility, Gary, IN)   Event: Call duration 172 seconds. Ping coordinates confirm both subjects in proximity. --------------------------------------------------------------------------------"
SECTION_108_FINANCIAL_AUDIT_LOG,"FILE REF: 268A-CH-90412 DATE/TIME: 2025-09-01 06:55:00 EST REPORTING AGENT: SA Michael Chang (ID: 9910) PRIMARY SUBJECTS: Tariq Mansoor (Ghost), Victor Vance (The Tailor) TRANSACTION RECORD:   Originator: Tariq Mansoor / Horizon Global Transfer (Account HGT-9011)   Destination Account: Crypto Wallet 0x71C...3A9D (Darknet Link)   Amount: $515,000.00 USD   Notes: Suspicious activity flag triggered. Linked to phone +1-973-555-0167 active at Pier 4, Gary Port Facility, Gary, IN. --------------------------------------------------------------------------------"
SECTION_109_FD-302_SURVEILLANCE,"FILE REF: 268A-CH-90412 DATE/TIME: 2025-09-01 11:31:00 EST REPORTING AGENT: SA David Ruiz (ID: 8842) PRIMARY SUBJECTS: Tariq Mansoor (Ghost), Victor Vance (The Tailor) NARRATIVE: On 2025-09-01 11:31:00 EST, surveillance team observed Tariq Mansoor operating Black 2021 Ford Explorer (IL Plate: 7XYZ-89). Subject traveled directly to Pier 4, Gary Port Facility, Gary, IN where a clandestine meeting occurred with Victor Vance. Subjects were observed discussing operations related to Meridian Holdings LLC (Shell Entity #8840). Subject Victor Vance was seen carrying a sealed package into the facility. --------------------------------------------------------------------------------"
SECTION_110_FINANCIAL_AUDIT_LOG,"FILE REF: 268A-CH-90412 DATE/TIME: 2025-09-01 15:18:00 EST REPORTING AGENT: SA Sarah Jenkins (ID: 4102) PRIMARY SUBJECTS: Victor Vance (The Tailor), Elena Rostova (The Tsaritsa) TRANSACTION RECORD:   Originator: Victor Vance / Apex Freight Logistics (1428 Elmwood Ave, Chicago IL)   Destination Account: First National Bank Acc #8839-10294-US   Amount: $634,000.00 USD   Notes: Suspicious activity flag triggered. Linked to phone +1-312-555-0199 active at 304 Pier Road, Gary, IN (Lakeside Bistro). --------------------------------------------------------------------------------"
SECTION_111_FINANCIAL_AUDIT_LOG,"FILE REF: 268A-CH-90412 DATE/TIME: 2025-09-01 20:48:00 EST REPORTING AGENT: SA Michael Chang (ID: 9910) PRIMARY SUBJECTS: Carlos Mendez (El Toro), Elena Rostova (The Tsaritsa) TRANSACTION RECORD:   Originator: Carlos Mendez / Apex Freight Logistics (1428 Elmwood Ave, Chicago IL)   Destination Account: Crypto Wallet 0x71C...3A9D (Darknet Link)   Amount: $437,000.00 USD   Notes: Suspicious activity flag triggered. Linked to phone +1-619-555-0199 active at 1428 Elmwood Avenue, Chicago, IL (Apex Freight HQ). --------------------------------------------------------------------------------"
SECTION_112_FINANCIAL_AUDIT_LOG,"FILE REF: 268A-CH-90412 DATE/TIME: 2025-09-02 04:08:00 EST REPORTING AGENT: SA Sarah Jenkins (ID: 4102) PRIMARY SUBJECTS: Marcus Thorne (Enforcer), Carlos Mendez (El Toro) TRANSACTION RECORD:   Originator: Marcus Thorne / Meridian Holdings LLC (Shell Entity #8840)   Destination Account: First National Bank Acc #8839-10294-US   Amount: $709,000.00 USD   Notes: Suspicious activity flag triggered. Linked to phone +1-202-555-0143 active at Pier 4, Gary Port Facility, Gary, IN. --------------------------------------------------------------------------------"
SECTION_113_FD-302_SURVEILLANCE,"FILE REF: 268A-CH-90412 DATE/TIME: 2025-09-02 16:52:00 EST REPORTING AGENT: SA Michael Chang (ID: 9910) PRIMARY SUBJECTS: Carlos Mendez (El Toro), Tariq Mansoor (Ghost) NARRATIVE: On 2025-09-02 16:52:00 EST, surveillance team observed Carlos Mendez operating Silver Audi Q7 (VIN: WA1VAAFE4CD019283). Subject traveled directly to 304 Pier Road, Gary, IN (Lakeside Bistro) where a clandestine meeting occurred with Tariq Mansoor. Subjects were observed discussing operations related to Horizon Global Transfer (Account HGT-9011). Subject Tariq Mansoor was seen carrying a sealed package into the facility. --------------------------------------------------------------------------------"
SECTION_114_FD-302_SURVEILLANCE,"FILE REF: 268A-CH-90412 DATE/TIME: 2025-09-03 03:20:00 EST REPORTING AGENT: SA Michael Chang (ID: 9910) PRIMARY SUBJECTS: Marcus Thorne (Enforcer), Tariq Mansoor (Ghost) NARRATIVE: On 2025-09-03 03:20:00 EST, surveillance team observed Marcus Thorne operating Silver Audi Q7 (VIN: WA1VAAFE4CD019283). Subject traveled directly to 88 Industrial Parkway, Newark, NJ (Warehouse Depot) where a clandestine meeting occurred with Tariq Mansoor. Subjects were observed discussing operations related to Pacific Import Export Co. (San Diego, CA). Subject Tariq Mansoor was seen carrying a sealed package into the facility. --------------------------------------------------------------------------------"
SECTION_115_WIRETAP_INTERCEPT,"FILE REF: 268A-CH-90412 DATE/TIME: 2025-09-03 15:29:00 EST REPORTING AGENT: SA Michael Chang (ID: 9910) PRIMARY SUBJECTS: Marcus Thorne (Enforcer), Tariq Mansoor (Ghost) TARGET LINE: +1-202-555-0143 (Marcus Thorne) -> +1-973-555-0167 (Tariq Mansoor) TRANSCRIPT:   [2025-09-03 15:29:00 EST] Marcus Thorne: 'Did you authorize the release for Pacific Import Export Co. (San Diego, CA)?'   [2025-09-03 15:29:00 EST] Tariq Mansoor: 'It is pending at Pier 4, Gary Port Facility, Gary, IN. We need $336,000 sent to First National Bank Acc #8839-10294-US.'   [2025-09-03 15:29:00 EST] Marcus Thorne: 'Make sure Ghost handles the transport in the White Freightliner Semi-Truck (Lic: TRK-9901).' --------------------------------------------------------------------------------"
SECTION_116_WIRETAP_INTERCEPT,"FILE REF: 268A-CH-90412 DATE/TIME: 2025-09-03 19:23:00 EST REPORTING AGENT: SA Michael Chang (ID: 9910) PRIMARY SUBJECTS: Tariq Mansoor (Ghost), Marcus Thorne (Enforcer) TARGET LINE: +1-973-555-0167 (Tariq Mansoor) -> +1-202-555-0143 (Marcus Thorne) TRANSCRIPT:   [2025-09-03 19:23:00 EST] Tariq Mansoor: 'Did you authorize the release for Pacific Import Export Co. (San Diego, CA)?'   [2025-09-03 19:23:00 EST] Marcus Thorne: 'It is pending at Pier 4, Gary Port Facility, Gary, IN. We need $422,000 sent to Crypto Wallet 0x71C...3A9D (Darknet Link).'   [2025-09-03 19:23:00 EST] Tariq Mansoor: 'Make sure Enforcer handles the transport in the Black 2021 Ford Explorer (IL Plate: 7XYZ-89).' --------------------------------------------------------------------------------"
SECTION_117_FINANCIAL_AUDIT_LOG,"FILE REF: 268A-CH-90412 DATE/TIME: 2025-09-03 20:42:00 EST REPORTING AGENT: SA Michael Chang (ID: 9910) PRIMARY SUBJECTS: Tariq Mansoor (Ghost), Elena Rostova (The Tsaritsa) TRANSACTION RECORD:   Originator: Tariq Mansoor / Apex Freight Logistics (1428 Elmwood Ave, Chicago IL)   Destination Account: First National Bank Acc #8839-10294-US   Amount: $234,000.00 USD   Notes: Suspicious activity flag triggered. Linked to phone +1-973-555-0167 active at Pier 4, Gary Port Facility, Gary, IN. --------------------------------------------------------------------------------"
SECTION_118_CDR_CELLULAR_TOWER_LOG,"FILE REF: 268A-CH-90412 DATE/TIME: 2025-09-04 04:19:00 EST REPORTING AGENT: SA David Ruiz (ID: 8842) PRIMARY SUBJECTS: Marcus Thorne (Enforcer), Carlos Mendez (El Toro) CELLULAR INTERCEPT DATA:   Device A: Marcus Thorne (+1-202-555-0143) | Device B: Carlos Mendez (+1-619-555-0199)   Cell Tower Sector: T-902 (88 Industrial Parkway, Newark, NJ (Warehouse Depot))   Event: Call duration 15 seconds. Ping coordinates confirm both subjects in proximity. --------------------------------------------------------------------------------"
SECTION_119_CDR_CELLULAR_TOWER_LOG,"FILE REF: 268A-CH-90412 DATE/TIME: 2025-09-04 10:55:00 EST REPORTING AGENT: SA David Ruiz (ID: 8842) PRIMARY SUBJECTS: Elena Rostova (The Tsaritsa), Tariq Mansoor (Ghost) CELLULAR INTERCEPT DATA:   Device A: Elena Rostova (+1-312-555-0188) | Device B: Tariq Mansoor (+1-973-555-0167)   Cell Tower Sector: T-902 (88 Industrial Parkway, Newark, NJ (Warehouse Depot))   Event: Call duration 206 seconds. Ping coordinates confirm both subjects in proximity. --------------------------------------------------------------------------------"
SECTION_120_FINANCIAL_AUDIT_LOG,"FILE REF: 268A-CH-90412 DATE/TIME: 2025-09-04 14:07:00 EST REPORTING AGENT: SA Michael Chang (ID: 9910) PRIMARY SUBJECTS: Tariq Mansoor (Ghost), Victor Vance (The Tailor) TRANSACTION RECORD:   Originator: Tariq Mansoor / Apex Freight Logistics (1428 Elmwood Ave, Chicago IL)   Destination Account: Crypto Wallet 0x71C...3A9D (Darknet Link)   Amount: $279,000.00 USD   Notes: Suspicious activity flag triggered. Linked to phone +1-973-555-0167 active at 1428 Elmwood Avenue, Chicago, IL (Apex Freight HQ). --------------------------------------------------------------------------------"
SECTION_121_FINANCIAL_AUDIT_LOG,"FILE REF: 268A-CH-90412 DATE/TIME: 2025-09-05 01:07:00 EST REPORTING AGENT: SA David Ruiz (ID: 8842) PRIMARY SUBJECTS: Marcus Thorne (Enforcer), Victor Vance (The Tailor) TRANSACTION RECORD:   Originator: Marcus Thorne / Pacific Import Export Co. (San Diego, CA)   Destination Account: Bank of America Acc #5540-1920-3341   Amount: $59,000.00 USD   Notes: Suspicious activity flag triggered. Linked to phone +1-202-555-0143 active at 304 Pier Road, Gary, IN (Lakeside Bistro). --------------------------------------------------------------------------------"
SECTION_122_FINANCIAL_AUDIT_LOG,"FILE REF: 268A-CH-90412 DATE/TIME: 2025-09-05 05:10:00 EST REPORTING AGENT: SA Michael Chang (ID: 9910) PRIMARY SUBJECTS: Elena Rostova (The Tsaritsa), Sarah Lin (Accountant) TRANSACTION RECORD:   Originator: Elena Rostova / Pacific Import Export Co. (San Diego, CA)   Destination Account: Crypto Wallet 0x71C...3A9D (Darknet Link)   Amount: $31,000.00 USD   Notes: Suspicious activity flag triggered. Linked to phone +1-312-555-0188 active at 1428 Elmwood Avenue, Chicago, IL (Apex Freight HQ). --------------------------------------------------------------------------------"
SECTION_123_WIRETAP_INTERCEPT,"FILE REF: 268A-CH-90412 DATE/TIME: 2025-09-05 10:34:00 EST REPORTING AGENT: SA Michael Chang (ID: 9910) PRIMARY SUBJECTS: Elena Rostova (The Tsaritsa), Tariq Mansoor (Ghost) TARGET LINE: +1-312-555-0188 (Elena Rostova) -> +1-973-555-0167 (Tariq Mansoor) TRANSCRIPT:   [2025-09-05 10:34:00 EST] Elena Rostova: 'Did you authorize the release for Meridian Holdings LLC (Shell Entity #8840)?'   [2025-09-05 10:34:00 EST] Tariq Mansoor: 'It is pending at 412 Oak Street, Paterson, NJ (Safehouse Alpha). We need $362,000 sent to First National Bank Acc #8839-10294-US.'   [2025-09-05 10:34:00 EST] Elena Rostova: 'Make sure Ghost handles the transport in the White Freightliner Semi-Truck (Lic: TRK-9901).' --------------------------------------------------------------------------------"
SECTION_124_CDR_CELLULAR_TOWER_LOG,"FILE REF: 268A-CH-90412 DATE/TIME: 2025-09-05 11:45:00 EST REPORTING AGENT: SA Sarah Jenkins (ID: 4102) PRIMARY SUBJECTS: Tariq Mansoor (Ghost), Carlos Mendez (El Toro) CELLULAR INTERCEPT DATA:   Device A: Tariq Mansoor (+1-973-555-0167) | Device B: Carlos Mendez (+1-619-555-0199)   Cell Tower Sector: T-902 (304 Pier Road, Gary, IN (Lakeside Bistro))   Event: Call duration 228 seconds. Ping coordinates confirm both subjects in proximity. --------------------------------------------------------------------------------"
SECTION_125_CDR_CELLULAR_TOWER_LOG,"FILE REF: 268A-CH-90412 DATE/TIME: 2025-09-05 14:17:00 EST REPORTING AGENT: SA David Ruiz (ID: 8842) PRIMARY SUBJECTS: Sarah Lin (Accountant), Tariq Mansoor (Ghost) CELLULAR INTERCEPT DATA:   Device A: Sarah Lin (+1-619-555-0122) | Device B: Tariq Mansoor (+1-973-555-0167)   Cell Tower Sector: T-902 (88 Industrial Parkway, Newark, NJ (Warehouse Depot))   Event: Call duration 56 seconds. Ping coordinates confirm both subjects in proximity. --------------------------------------------------------------------------------"
SECTION_126_CDR_CELLULAR_TOWER_LOG,"FILE REF: 268A-CH-90412 DATE/TIME: 2025-09-06 02:13:00 EST REPORTING AGENT: SA Michael Chang (ID: 9910) PRIMARY SUBJECTS: Victor Vance (The Tailor), Carlos Mendez (El Toro) CELLULAR INTERCEPT DATA:   Device A: Victor Vance (+1-312-555-0199) | Device B: Carlos Mendez (+1-619-555-0199)   Cell Tower Sector: T-902 (412 Oak Street, Paterson, NJ (Safehouse Alpha))   Event: Call duration 395 seconds. Ping coordinates confirm both subjects in proximity. --------------------------------------------------------------------------------"
SECTION_127_WIRETAP_INTERCEPT,"FILE REF: 268A-CH-90412 DATE/TIME: 2025-09-06 09:24:00 EST REPORTING AGENT: SA Sarah Jenkins (ID: 4102) PRIMARY SUBJECTS: Elena Rostova (The Tsaritsa), Victor Vance (The Tailor) TARGET LINE: +1-312-555-0188 (Elena Rostova) -> +1-312-555-0199 (Victor Vance) TRANSCRIPT:   [2025-09-06 09:24:00 EST] Elena Rostova: 'Did you authorize the release for Meridian Holdings LLC (Shell Entity #8840)?'   [2025-09-06 09:24:00 EST] Victor Vance: 'It is pending at 304 Pier Road, Gary, IN (Lakeside Bistro). We need $299,000 sent to Bank of America Acc #5540-1920-3341.'   [2025-09-06 09:24:00 EST] Elena Rostova: 'Make sure The Tailor handles the transport in the Silver Audi Q7 (VIN: WA1VAAFE4CD019283).' --------------------------------------------------------------------------------"
SECTION_128_CDR_CELLULAR_TOWER_LOG,"FILE REF: 268A-CH-90412 DATE/TIME: 2025-09-06 22:14:00 EST REPORTING AGENT: SA David Ruiz (ID: 8842) PRIMARY SUBJECTS: Elena Rostova (The Tsaritsa), Sarah Lin (Accountant) CELLULAR INTERCEPT DATA:   Device A: Elena Rostova (+1-312-555-0188) | Device B: Sarah Lin (+1-619-555-0122)   Cell Tower Sector: T-902 (1428 Elmwood Avenue, Chicago, IL (Apex Freight HQ))   Event: Call duration 127 seconds. Ping coordinates confirm both subjects in proximity. --------------------------------------------------------------------------------"
SECTION_129_FD-302_SURVEILLANCE,"FILE REF: 268A-CH-90412 DATE/TIME: 2025-09-07 05:10:00 EST REPORTING AGENT: SA Michael Chang (ID: 9910) PRIMARY SUBJECTS: Victor Vance (The Tailor), Tariq Mansoor (Ghost) NARRATIVE: On 2025-09-07 05:10:00 EST, surveillance team observed Victor Vance operating Black 2021 Ford Explorer (IL Plate: 7XYZ-89). Subject traveled directly to 88 Industrial Parkway, Newark, NJ (Warehouse Depot) where a clandestine meeting occurred with Tariq Mansoor. Subjects were observed discussing operations related to Pacific Import Export Co. (San Diego, CA). Subject Tariq Mansoor was seen carrying a sealed package into the facility. --------------------------------------------------------------------------------"
SECTION_130_FD-302_SURVEILLANCE,"FILE REF: 268A-CH-90412 DATE/TIME: 2025-09-07 08:10:00 EST REPORTING AGENT: SA Sarah Jenkins (ID: 4102) PRIMARY SUBJECTS: Marcus Thorne (Enforcer), Victor Vance (The Tailor) NARRATIVE: On 2025-09-07 08:10:00 EST, surveillance team observed Marcus Thorne operating Silver Audi Q7 (VIN: WA1VAAFE4CD019283). Subject traveled directly to Pier 4, Gary Port Facility, Gary, IN where a clandestine meeting occurred with Victor Vance. Subjects were observed discussing operations related to Horizon Global Transfer (Account HGT-9011). Subject Victor Vance was seen carrying a sealed package into the facility. --------------------------------------------------------------------------------"
SECTION_131_CDR_CELLULAR_TOWER_LOG,"FILE REF: 268A-CH-90412 DATE/TIME: 2025-09-07 09:35:00 EST REPORTING AGENT: SA Michael Chang (ID: 9910) PRIMARY SUBJECTS: Marcus Thorne (Enforcer), Carlos Mendez (El Toro) CELLULAR INTERCEPT DATA:   Device A: Marcus Thorne (+1-202-555-0143) | Device B: Carlos Mendez (+1-619-555-0199)   Cell Tower Sector: T-902 (1428 Elmwood Avenue, Chicago, IL (Apex Freight HQ))   Event: Call duration 441 seconds. Ping coordinates confirm both subjects in proximity. --------------------------------------------------------------------------------"
SECTION_132_FD-302_SURVEILLANCE,"FILE REF: 268A-CH-90412 DATE/TIME: 2025-09-07 13:51:00 EST REPORTING AGENT: SA Michael Chang (ID: 9910) PRIMARY SUBJECTS: Victor Vance (The Tailor), Marcus Thorne (Enforcer) NARRATIVE: On 2025-09-07 13:51:00 EST, surveillance team observed Victor Vance operating White Freightliner Semi-Truck (Lic: TRK-9901). Subject traveled directly to 304 Pier Road, Gary, IN (Lakeside Bistro) where a clandestine meeting occurred with Marcus Thorne. Subjects were observed discussing operations related to Meridian Holdings LLC (Shell Entity #8840). Subject Marcus Thorne was seen carrying a sealed package into the facility. --------------------------------------------------------------------------------"
SECTION_133_WIRETAP_INTERCEPT,"FILE REF: 268A-CH-90412 DATE/TIME: 2025-09-07 21:18:00 EST REPORTING AGENT: SA David Ruiz (ID: 8842) PRIMARY SUBJECTS: Carlos Mendez (El Toro), Marcus Thorne (Enforcer) TARGET LINE: +1-619-555-0199 (Carlos Mendez) -> +1-202-555-0143 (Marcus Thorne) TRANSCRIPT:   [2025-09-07 21:18:00 EST] Carlos Mendez: 'Did you authorize the release for Apex Freight Logistics (1428 Elmwood Ave, Chicago IL)?'   [2025-09-07 21:18:00 EST] Marcus Thorne: 'It is pending at 412 Oak Street, Paterson, NJ (Safehouse Alpha). We need $392,000 sent to Crypto Wallet 0x71C...3A9D (Darknet Link).'   [2025-09-07 21:18:00 EST] Carlos Mendez: 'Make sure Enforcer handles the transport in the Black 2021 Ford Explorer (IL Plate: 7XYZ-89).' --------------------------------------------------------------------------------"
SECTION_134_FINANCIAL_AUDIT_LOG,"FILE REF: 268A-CH-90412 DATE/TIME: 2025-09-08 06:11:00 EST REPORTING AGENT: SA Sarah Jenkins (ID: 4102) PRIMARY SUBJECTS: Marcus Thorne (Enforcer), Victor Vance (The Tailor) TRANSACTION RECORD:   Originator: Marcus Thorne / Horizon Global Transfer (Account HGT-9011)   Destination Account: Crypto Wallet 0x71C...3A9D (Darknet Link)   Amount: $323,000.00 USD   Notes: Suspicious activity flag triggered. Linked to phone +1-202-555-0143 active at Pier 4, Gary Port Facility, Gary, IN. --------------------------------------------------------------------------------"
SECTION_135_FD-302_SURVEILLANCE,"FILE REF: 268A-CH-90412 DATE/TIME: 2025-09-08 15:59:00 EST REPORTING AGENT: SA Sarah Jenkins (ID: 4102) PRIMARY SUBJECTS: Elena Rostova (The Tsaritsa), Sarah Lin (Accountant) NARRATIVE: On 2025-09-08 15:59:00 EST, surveillance team observed Elena Rostova operating White Freightliner Semi-Truck (Lic: TRK-9901). Subject traveled directly to 88 Industrial Parkway, Newark, NJ (Warehouse Depot) where a clandestine meeting occurred with Sarah Lin. Subjects were observed discussing operations related to Meridian Holdings LLC (Shell Entity #8840). Subject Sarah Lin was seen carrying a sealed package into the facility. --------------------------------------------------------------------------------"
SECTION_136_FD-302_SURVEILLANCE,"FILE REF: 268A-CH-90412 DATE/TIME: 2025-09-08 18:20:00 EST REPORTING AGENT: SA Michael Chang (ID: 9910) PRIMARY SUBJECTS: Elena Rostova (The Tsaritsa), Marcus Thorne (Enforcer) NARRATIVE: On 2025-09-08 18:20:00 EST, surveillance team observed Elena Rostova operating Silver Audi Q7 (VIN: WA1VAAFE4CD019283). Subject traveled directly to Pier 4, Gary Port Facility, Gary, IN where a clandestine meeting occurred with Marcus Thorne. Subjects were observed discussing operations related to Apex Freight Logistics (1428 Elmwood Ave, Chicago IL). Subject Marcus Thorne was seen carrying a sealed package into the facility. --------------------------------------------------------------------------------"
SECTION_137_FINANCIAL_AUDIT_LOG,"FILE REF: 268A-CH-90412 DATE/TIME: 2025-09-09 06:12:00 EST REPORTING AGENT: SA David Ruiz (ID: 8842) PRIMARY SUBJECTS: Marcus Thorne (Enforcer), Carlos Mendez (El Toro) TRANSACTION RECORD:   Originator: Marcus Thorne / Pacific Import Export Co. (San Diego, CA)   Destination Account: First National Bank Acc #8839-10294-US   Amount: $249,000.00 USD   Notes: Suspicious activity flag triggered. Linked to phone +1-202-555-0143 active at 304 Pier Road, Gary, IN (Lakeside Bistro). --------------------------------------------------------------------------------"
SECTION_138_WIRETAP_INTERCEPT,"FILE REF: 268A-CH-90412 DATE/TIME: 2025-09-09 11:43:00 EST REPORTING AGENT: SA Sarah Jenkins (ID: 4102) PRIMARY SUBJECTS: Carlos Mendez (El Toro), Elena Rostova (The Tsaritsa) TARGET LINE: +1-619-555-0199 (Carlos Mendez) -> +1-312-555-0188 (Elena Rostova) TRANSCRIPT:   [2025-09-09 11:43:00 EST] Carlos Mendez: 'Did you authorize the release for Apex Freight Logistics (1428 Elmwood Ave, Chicago IL)?'   [2025-09-09 11:43:00 EST] Elena Rostova: 'It is pending at Pier 4, Gary Port Facility, Gary, IN. We need $63,000 sent to Crypto Wallet 0x71C...3A9D (Darknet Link).'   [2025-09-09 11:43:00 EST] Carlos Mendez: 'Make sure The Tsaritsa handles the transport in the Silver Audi Q7 (VIN: WA1VAAFE4CD019283).' --------------------------------------------------------------------------------"
SECTION_139_FD-302_SURVEILLANCE,"FILE REF: 268A-CH-90412 DATE/TIME: 2025-09-09 23:56:00 EST REPORTING AGENT: SA David Ruiz (ID: 8842) PRIMARY SUBJECTS: Marcus Thorne (Enforcer), Carlos Mendez (El Toro) NARRATIVE: On 2025-09-09 23:56:00 EST, surveillance team observed Marcus Thorne operating White Freightliner Semi-Truck (Lic: TRK-9901). Subject traveled directly to 304 Pier Road, Gary, IN (Lakeside Bistro) where a clandestine meeting occurred with Carlos Mendez. Subjects were observed discussing operations related to Horizon Global Transfer (Account HGT-9011). Subject Carlos Mendez was seen carrying a sealed package into the facility. --------------------------------------------------------------------------------"
SECTION_140_FD-302_SURVEILLANCE,"FILE REF: 268A-CH-90412 DATE/TIME: 2025-09-10 11:27:00 EST REPORTING AGENT: SA Sarah Jenkins (ID: 4102) PRIMARY SUBJECTS: Elena Rostova (The Tsaritsa), Carlos Mendez (El Toro) NARRATIVE: On 2025-09-10 11:27:00 EST, surveillance team observed Elena Rostova operating White Freightliner Semi-Truck (Lic: TRK-9901). Subject traveled directly to 412 Oak Street, Paterson, NJ (Safehouse Alpha) where a clandestine meeting occurred with Carlos Mendez. Subjects were observed discussing operations related to Meridian Holdings LLC (Shell Entity #8840). Subject Carlos Mendez was seen carrying a sealed package into the facility. --------------------------------------------------------------------------------"
SECTION_141_CDR_CELLULAR_TOWER_LOG,"FILE REF: 268A-CH-90412 DATE/TIME: 2025-09-10 14:08:00 EST REPORTING AGENT: SA David Ruiz (ID: 8842) PRIMARY SUBJECTS: Carlos Mendez (El Toro), Sarah Lin (Accountant) CELLULAR INTERCEPT DATA:   Device A: Carlos Mendez (+1-619-555-0199) | Device B: Sarah Lin (+1-619-555-0122)   Cell Tower Sector: T-902 (88 Industrial Parkway, Newark, NJ (Warehouse Depot))   Event: Call duration 204 seconds. Ping coordinates confirm both subjects in proximity. --------------------------------------------------------------------------------"
SECTION_142_FD-302_SURVEILLANCE,"FILE REF: 268A-CH-90412 DATE/TIME: 2025-09-10 19:40:00 EST REPORTING AGENT: SA Michael Chang (ID: 9910) PRIMARY SUBJECTS: Sarah Lin (Accountant), Elena Rostova (The Tsaritsa) NARRATIVE: On 2025-09-10 19:40:00 EST, surveillance team observed Sarah Lin operating White Freightliner Semi-Truck (Lic: TRK-9901). Subject traveled directly to 1428 Elmwood Avenue, Chicago, IL (Apex Freight HQ) where a clandestine meeting occurred with Elena Rostova. Subjects were observed discussing operations related to Horizon Global Transfer (Account HGT-9011). Subject Elena Rostova was seen carrying a sealed package into the facility. --------------------------------------------------------------------------------"
SECTION_143_CDR_CELLULAR_TOWER_LOG,"FILE REF: 268A-CH-90412 DATE/TIME: 2025-09-11 04:48:00 EST REPORTING AGENT: SA Michael Chang (ID: 9910) PRIMARY SUBJECTS: Marcus Thorne (Enforcer), Sarah Lin (Accountant) CELLULAR INTERCEPT DATA:   Device A: Marcus Thorne (+1-202-555-0143) | Device B: Sarah Lin (+1-619-555-0122)   Cell Tower Sector: T-902 (88 Industrial Parkway, Newark, NJ (Warehouse Depot))   Event: Call duration 298 seconds. Ping coordinates confirm both subjects in proximity. --------------------------------------------------------------------------------"
SECTION_144_CDR_CELLULAR_TOWER_LOG,"FILE REF: 268A-CH-90412 DATE/TIME: 2025-09-11 08:39:00 EST REPORTING AGENT: SA Michael Chang (ID: 9910) PRIMARY SUBJECTS: Sarah Lin (Accountant), Tariq Mansoor (Ghost) CELLULAR INTERCEPT DATA:   Device A: Sarah Lin (+1-619-555-0122) | Device B: Tariq Mansoor (+1-973-555-0167)   Cell Tower Sector: T-902 (1428 Elmwood Avenue, Chicago, IL (Apex Freight HQ))   Event: Call duration 427 seconds. Ping coordinates confirm both subjects in proximity. --------------------------------------------------------------------------------"
SECTION_145_WIRETAP_INTERCEPT,"FILE REF: 268A-CH-90412 DATE/TIME: 2025-09-11 18:36:00 EST REPORTING AGENT: SA David Ruiz (ID: 8842) PRIMARY SUBJECTS: Carlos Mendez (El Toro), Victor Vance (The Tailor) TARGET LINE: +1-619-555-0199 (Carlos Mendez) -> +1-312-555-0199 (Victor Vance) TRANSCRIPT:   [2025-09-11 18:36:00 EST] Carlos Mendez: 'Did you authorize the release for Meridian Holdings LLC (Shell Entity #8840)?'   [2025-09-11 18:36:00 EST] Victor Vance: 'It is pending at Pier 4, Gary Port Facility, Gary, IN. We need $73,000 sent to Crypto Wallet 0x71C...3A9D (Darknet Link).'   [2025-09-11 18:36:00 EST] Carlos Mendez: 'Make sure The Tailor handles the transport in the Silver Audi Q7 (VIN: WA1VAAFE4CD019283).' --------------------------------------------------------------------------------"
SECTION_146_CDR_CELLULAR_TOWER_LOG,"FILE REF: 268A-CH-90412 DATE/TIME: 2025-09-12 03:55:00 EST REPORTING AGENT: SA Sarah Jenkins (ID: 4102) PRIMARY SUBJECTS: Marcus Thorne (Enforcer), Carlos Mendez (El Toro) CELLULAR INTERCEPT DATA:   Device A: Marcus Thorne (+1-202-555-0143) | Device B: Carlos Mendez (+1-619-555-0199)   Cell Tower Sector: T-902 (1428 Elmwood Avenue, Chicago, IL (Apex Freight HQ))   Event: Call duration 431 seconds. Ping coordinates confirm both subjects in proximity. --------------------------------------------------------------------------------"
SECTION_147_WIRETAP_INTERCEPT,"FILE REF: 268A-CH-90412 DATE/TIME: 2025-09-12 13:58:00 EST REPORTING AGENT: SA Sarah Jenkins (ID: 4102) PRIMARY SUBJECTS: Elena Rostova (The Tsaritsa), Victor Vance (The Tailor) TARGET LINE: +1-312-555-0188 (Elena Rostova) -> +1-312-555-0199 (Victor Vance) TRANSCRIPT:   [2025-09-12 13:58:00 EST] Elena Rostova: 'Did you authorize the release for Horizon Global Transfer (Account HGT-9011)?'   [2025-09-12 13:58:00 EST] Victor Vance: 'It is pending at 304 Pier Road, Gary, IN (Lakeside Bistro). We need $66,000 sent to Crypto Wallet 0x71C...3A9D (Darknet Link).'   [2025-09-12 13:58:00 EST] Elena Rostova: 'Make sure The Tailor handles the transport in the Silver Audi Q7 (VIN: WA1VAAFE4CD019283).' --------------------------------------------------------------------------------"
SECTION_148_FD-302_SURVEILLANCE,"FILE REF: 268A-CH-90412 DATE/TIME: 2025-09-12 18:30:00 EST REPORTING AGENT: SA David Ruiz (ID: 8842) PRIMARY SUBJECTS: Carlos Mendez (El Toro), Tariq Mansoor (Ghost) NARRATIVE: On 2025-09-12 18:30:00 EST, surveillance team observed Carlos Mendez operating Silver Audi Q7 (VIN: WA1VAAFE4CD019283). Subject traveled directly to 1428 Elmwood Avenue, Chicago, IL (Apex Freight HQ) where a clandestine meeting occurred with Tariq Mansoor. Subjects were observed discussing operations related to Meridian Holdings LLC (Shell Entity #8840). Subject Tariq Mansoor was seen carrying a sealed package into the facility. --------------------------------------------------------------------------------"
SECTION_149_FD-302_SURVEILLANCE,"FILE REF: 268A-CH-90412 DATE/TIME: 2025-09-13 02:51:00 EST REPORTING AGENT: SA David Ruiz (ID: 8842) PRIMARY SUBJECTS: Tariq Mansoor (Ghost), Carlos Mendez (El Toro) NARRATIVE: On 2025-09-13 02:51:00 EST, surveillance team observed Tariq Mansoor operating White Freightliner Semi-Truck (Lic: TRK-9901). Subject traveled directly to 304 Pier Road, Gary, IN (Lakeside Bistro) where a clandestine meeting occurred with Carlos Mendez. Subjects were observed discussing operations related to Pacific Import Export Co. (San Diego, CA). Subject Carlos Mendez was seen carrying a sealed package into the facility. --------------------------------------------------------------------------------"
SECTION_150_FINANCIAL_AUDIT_LOG,"FILE REF: 268A-CH-90412 DATE/TIME: 2025-09-13 08:20:00 EST REPORTING AGENT: SA David Ruiz (ID: 8842) PRIMARY SUBJECTS: Victor Vance (The Tailor), Elena Rostova (The Tsaritsa) TRANSACTION RECORD:   Originator: Victor Vance / Pacific Import Export Co. (San Diego, CA)   Destination Account: Bank of America Acc #5540-1920-3341   Amount: $918,000.00 USD   Notes: Suspicious activity flag triggered. Linked to phone +1-312-555-0199 active at 88 Industrial Parkway, Newark, NJ (Warehouse Depot). --------------------------------------------------------------------------------"
SECTION_151_FD-302_SURVEILLANCE,"FILE REF: 268A-CH-90412 DATE/TIME: 2025-09-13 14:50:00 EST REPORTING AGENT: SA Michael Chang (ID: 9910) PRIMARY SUBJECTS: Victor Vance (The Tailor), Carlos Mendez (El Toro) NARRATIVE: On 2025-09-13 14:50:00 EST, surveillance team observed Victor Vance operating White Freightliner Semi-Truck (Lic: TRK-9901). Subject traveled directly to 412 Oak Street, Paterson, NJ (Safehouse Alpha) where a clandestine meeting occurred with Carlos Mendez. Subjects were observed discussing operations related to Meridian Holdings LLC (Shell Entity #8840). Subject Carlos Mendez was seen carrying a sealed package into the facility. --------------------------------------------------------------------------------"
SECTION_152_FD-302_SURVEILLANCE,"FILE REF: 268A-CH-90412 DATE/TIME: 2025-09-13 23:40:00 EST REPORTING AGENT: SA David Ruiz (ID: 8842) PRIMARY SUBJECTS: Victor Vance (The Tailor), Carlos Mendez (El Toro) NARRATIVE: On 2025-09-13 23:40:00 EST, surveillance team observed Victor Vance operating Silver Audi Q7 (VIN: WA1VAAFE4CD019283). Subject traveled directly to 1428 Elmwood Avenue, Chicago, IL (Apex Freight HQ) where a clandestine meeting occurred with Carlos Mendez. Subjects were observed discussing operations related to Meridian Holdings LLC (Shell Entity #8840). Subject Carlos Mendez was seen carrying a sealed package into the facility. --------------------------------------------------------------------------------"
SECTION_153_CDR_CELLULAR_TOWER_LOG,"FILE REF: 268A-CH-90412 DATE/TIME: 2025-09-14 08:25:00 EST REPORTING AGENT: SA David Ruiz (ID: 8842) PRIMARY SUBJECTS: Victor Vance (The Tailor), Sarah Lin (Accountant) CELLULAR INTERCEPT DATA:   Device A: Victor Vance (+1-312-555-0199) | Device B: Sarah Lin (+1-619-555-0122)   Cell Tower Sector: T-902 (304 Pier Road, Gary, IN (Lakeside Bistro))   Event: Call duration 37 seconds. Ping coordinates confirm both subjects in proximity. --------------------------------------------------------------------------------"
SECTION_154_WIRETAP_INTERCEPT,"FILE REF: 268A-CH-90412 DATE/TIME: 2025-09-14 18:38:00 EST REPORTING AGENT: SA David Ruiz (ID: 8842) PRIMARY SUBJECTS: Sarah Lin (Accountant), Elena Rostova (The Tsaritsa) TARGET LINE: +1-619-555-0122 (Sarah Lin) -> +1-312-555-0188 (Elena Rostova) TRANSCRIPT:   [2025-09-14 18:38:00 EST] Sarah Lin: 'Did you authorize the release for Horizon Global Transfer (Account HGT-9011)?'   [2025-09-14 18:38:00 EST] Elena Rostova: 'It is pending at 1428 Elmwood Avenue, Chicago, IL (Apex Freight HQ). We need $446,000 sent to Bank of America Acc #5540-1920-3341.'   [2025-09-14 18:38:00 EST] Sarah Lin: 'Make sure The Tsaritsa handles the transport in the White Freightliner Semi-Truck (Lic: TRK-9901).' --------------------------------------------------------------------------------"
SECTION_155_WIRETAP_INTERCEPT,"FILE REF: 268A-CH-90412 DATE/TIME: 2025-09-14 22:11:00 EST REPORTING AGENT: SA Michael Chang (ID: 9910) PRIMARY SUBJECTS: Sarah Lin (Accountant), Carlos Mendez (El Toro) TARGET LINE: +1-619-555-0122 (Sarah Lin) -> +1-619-555-0199 (Carlos Mendez) TRANSCRIPT:   [2025-09-14 22:11:00 EST] Sarah Lin: 'Did you authorize the release for Pacific Import Export Co. (San Diego, CA)?'   [2025-09-14 22:11:00 EST] Carlos Mendez: 'It is pending at 304 Pier Road, Gary, IN (Lakeside Bistro). We need $210,000 sent to First National Bank Acc #8839-10294-US.'   [2025-09-14 22:11:00 EST] Sarah Lin: 'Make sure El Toro handles the transport in the Silver Audi Q7 (VIN: WA1VAAFE4CD019283).' --------------------------------------------------------------------------------"
SECTION_156_CDR_CELLULAR_TOWER_LOG,"FILE REF: 268A-CH-90412 DATE/TIME: 2025-09-15 09:18:00 EST REPORTING AGENT: SA Michael Chang (ID: 9910) PRIMARY SUBJECTS: Carlos Mendez (El Toro), Marcus Thorne (Enforcer) CELLULAR INTERCEPT DATA:   Device A: Carlos Mendez (+1-619-555-0199) | Device B: Marcus Thorne (+1-202-555-0143)   Cell Tower Sector: T-902 (Pier 4, Gary Port Facility, Gary, IN)   Event: Call duration 137 seconds. Ping coordinates confirm both subjects in proximity. --------------------------------------------------------------------------------"
SECTION_157_FD-302_SURVEILLANCE,"FILE REF: 268A-CH-90412 DATE/TIME: 2025-09-15 17:48:00 EST REPORTING AGENT: SA Michael Chang (ID: 9910) PRIMARY SUBJECTS: Sarah Lin (Accountant), Elena Rostova (The Tsaritsa) NARRATIVE: On 2025-09-15 17:48:00 EST, surveillance team observed Sarah Lin operating Black 2021 Ford Explorer (IL Plate: 7XYZ-89). Subject traveled directly to 1428 Elmwood Avenue, Chicago, IL (Apex Freight HQ) where a clandestine meeting occurred with Elena Rostova. Subjects were observed discussing operations related to Meridian Holdings LLC (Shell Entity #8840). Subject Elena Rostova was seen carrying a sealed package into the facility. --------------------------------------------------------------------------------"
SECTION_158_FD-302_SURVEILLANCE,"FILE REF: 268A-CH-90412 DATE/TIME: 2025-09-15 19:44:00 EST REPORTING AGENT: SA Sarah Jenkins (ID: 4102) PRIMARY SUBJECTS: Elena Rostova (The Tsaritsa), Carlos Mendez (El Toro) NARRATIVE: On 2025-09-15 19:44:00 EST, surveillance team observed Elena Rostova operating Black 2021 Ford Explorer (IL Plate: 7XYZ-89). Subject traveled directly to 412 Oak Street, Paterson, NJ (Safehouse Alpha) where a clandestine meeting occurred with Carlos Mendez. Subjects were observed discussing operations related to Pacific Import Export Co. (San Diego, CA). Subject Carlos Mendez was seen carrying a sealed package into the facility. --------------------------------------------------------------------------------"
SECTION_159_FD-302_SURVEILLANCE,"FILE REF: 268A-CH-90412 DATE/TIME: 2025-09-16 03:04:00 EST REPORTING AGENT: SA David Ruiz (ID: 8842) PRIMARY SUBJECTS: Marcus Thorne (Enforcer), Carlos Mendez (El Toro) NARRATIVE: On 2025-09-16 03:04:00 EST, surveillance team observed Marcus Thorne operating White Freightliner Semi-Truck (Lic: TRK-9901). Subject traveled directly to 304 Pier Road, Gary, IN (Lakeside Bistro) where a clandestine meeting occurred with Carlos Mendez. Subjects were observed discussing operations related to Apex Freight Logistics (1428 Elmwood Ave, Chicago IL). Subject Carlos Mendez was seen carrying a sealed package into the facility. --------------------------------------------------------------------------------"
SECTION_160_FD-302_SURVEILLANCE,"FILE REF: 268A-CH-90412 DATE/TIME: 2025-09-16 11:26:00 EST REPORTING AGENT: SA David Ruiz (ID: 8842) PRIMARY SUBJECTS: Carlos Mendez (El Toro), Victor Vance (The Tailor) NARRATIVE: On 2025-09-16 11:26:00 EST, surveillance team observed Carlos Mendez operating Black 2021 Ford Explorer (IL Plate: 7XYZ-89). Subject traveled directly to 304 Pier Road, Gary, IN (Lakeside Bistro) where a clandestine meeting occurred with Victor Vance. Subjects were observed discussing operations related to Pacific Import Export Co. (San Diego, CA). Subject Victor Vance was seen carrying a sealed package into the facility. --------------------------------------------------------------------------------"
SECTION_161_WIRETAP_INTERCEPT,"FILE REF: 268A-CH-90412 DATE/TIME: 2025-09-16 19:06:00 EST REPORTING AGENT: SA Michael Chang (ID: 9910) PRIMARY SUBJECTS: Sarah Lin (Accountant), Victor Vance (The Tailor) TARGET LINE: +1-619-555-0122 (Sarah Lin) -> +1-312-555-0199 (Victor Vance) TRANSCRIPT:   [2025-09-16 19:06:00 EST] Sarah Lin: 'Did you authorize the release for Apex Freight Logistics (1428 Elmwood Ave, Chicago IL)?'   [2025-09-16 19:06:00 EST] Victor Vance: 'It is pending at 412 Oak Street, Paterson, NJ (Safehouse Alpha). We need $378,000 sent to First National Bank Acc #8839-10294-US.'   [2025-09-16 19:06:00 EST] Sarah Lin: 'Make sure The Tailor handles the transport in the White Freightliner Semi-Truck (Lic: TRK-9901).' --------------------------------------------------------------------------------"
SECTION_162_CDR_CELLULAR_TOWER_LOG,"FILE REF: 268A-CH-90412 DATE/TIME: 2025-09-17 02:46:00 EST REPORTING AGENT: SA Sarah Jenkins (ID: 4102) PRIMARY SUBJECTS: Tariq Mansoor (Ghost), Carlos Mendez (El Toro) CELLULAR INTERCEPT DATA:   Device A: Tariq Mansoor (+1-973-555-0167) | Device B: Carlos Mendez (+1-619-555-0199)   Cell Tower Sector: T-902 (412 Oak Street, Paterson, NJ (Safehouse Alpha))   Event: Call duration 294 seconds. Ping coordinates confirm both subjects in proximity. --------------------------------------------------------------------------------"
SECTION_163_CDR_CELLULAR_TOWER_LOG,"FILE REF: 268A-CH-90412 DATE/TIME: 2025-09-17 11:57:00 EST REPORTING AGENT: SA Sarah Jenkins (ID: 4102) PRIMARY SUBJECTS: Tariq Mansoor (Ghost), Elena Rostova (The Tsaritsa) CELLULAR INTERCEPT DATA:   Device A: Tariq Mansoor (+1-973-555-0167) | Device B: Elena Rostova (+1-312-555-0188)   Cell Tower Sector: T-902 (412 Oak Street, Paterson, NJ (Safehouse Alpha))   Event: Call duration 75 seconds. Ping coordinates confirm both subjects in proximity. --------------------------------------------------------------------------------"
SECTION_164_FINANCIAL_AUDIT_LOG,"FILE REF: 268A-CH-90412 DATE/TIME: 2025-09-17 21:21:00 EST REPORTING AGENT: SA David Ruiz (ID: 8842) PRIMARY SUBJECTS: Victor Vance (The Tailor), Marcus Thorne (Enforcer) TRANSACTION RECORD:   Originator: Victor Vance / Apex Freight Logistics (1428 Elmwood Ave, Chicago IL)   Destination Account: First National Bank Acc #8839-10294-US   Amount: $288,000.00 USD   Notes: Suspicious activity flag triggered. Linked to phone +1-312-555-0199 active at Pier 4, Gary Port Facility, Gary, IN. --------------------------------------------------------------------------------"
SECTION_165_FINANCIAL_AUDIT_LOG,"FILE REF: 268A-CH-90412 DATE/TIME: 2025-09-18 06:13:00 EST REPORTING AGENT: SA David Ruiz (ID: 8842) PRIMARY SUBJECTS: Carlos Mendez (El Toro), Tariq Mansoor (Ghost) TRANSACTION RECORD:   Originator: Carlos Mendez / Pacific Import Export Co. (San Diego, CA)   Destination Account: Crypto Wallet 0x71C...3A9D (Darknet Link)   Amount: $633,000.00 USD   Notes: Suspicious activity flag triggered. Linked to phone +1-619-555-0199 active at Pier 4, Gary Port Facility, Gary, IN. --------------------------------------------------------------------------------"
SECTION_166_WIRETAP_INTERCEPT,"FILE REF: 268A-CH-90412 DATE/TIME: 2025-09-18 18:19:00 EST REPORTING AGENT: SA Sarah Jenkins (ID: 4102) PRIMARY SUBJECTS: Sarah Lin (Accountant), Tariq Mansoor (Ghost) TARGET LINE: +1-619-555-0122 (Sarah Lin) -> +1-973-555-0167 (Tariq Mansoor) TRANSCRIPT:   [2025-09-18 18:19:00 EST] Sarah Lin: 'Did you authorize the release for Horizon Global Transfer (Account HGT-9011)?'   [2025-09-18 18:19:00 EST] Tariq Mansoor: 'It is pending at 304 Pier Road, Gary, IN (Lakeside Bistro). We need $176,000 sent to Crypto Wallet 0x71C...3A9D (Darknet Link).'   [2025-09-18 18:19:00 EST] Sarah Lin: 'Make sure Ghost handles the transport in the White Freightliner Semi-Truck (Lic: TRK-9901).' --------------------------------------------------------------------------------"
SECTION_167_FD-302_SURVEILLANCE,"FILE REF: 268A-CH-90412 DATE/TIME: 2025-09-19 04:49:00 EST REPORTING AGENT: SA David Ruiz (ID: 8842) PRIMARY SUBJECTS: Elena Rostova (The Tsaritsa), Victor Vance (The Tailor) NARRATIVE: On 2025-09-19 04:49:00 EST, surveillance team observed Elena Rostova operating Silver Audi Q7 (VIN: WA1VAAFE4CD019283). Subject traveled directly to Pier 4, Gary Port Facility, Gary, IN where a clandestine meeting occurred with Victor Vance. Subjects were observed discussing operations related to Meridian Holdings LLC (Shell Entity #8840). Subject Victor Vance was seen carrying a sealed package into the facility. --------------------------------------------------------------------------------"
SECTION_168_CDR_CELLULAR_TOWER_LOG,"FILE REF: 268A-CH-90412 DATE/TIME: 2025-09-19 09:28:00 EST REPORTING AGENT: SA Sarah Jenkins (ID: 4102) PRIMARY SUBJECTS: Marcus Thorne (Enforcer), Elena Rostova (The Tsaritsa) CELLULAR INTERCEPT DATA:   Device A: Marcus Thorne (+1-202-555-0143) | Device B: Elena Rostova (+1-312-555-0188)   Cell Tower Sector: T-902 (Pier 4, Gary Port Facility, Gary, IN)   Event: Call duration 196 seconds. Ping coordinates confirm both subjects in proximity. --------------------------------------------------------------------------------"
SECTION_169_FD-302_SURVEILLANCE,"FILE REF: 268A-CH-90412 DATE/TIME: 2025-09-19 15:05:00 EST REPORTING AGENT: SA David Ruiz (ID: 8842) PRIMARY SUBJECTS: Carlos Mendez (El Toro), Sarah Lin (Accountant) NARRATIVE: On 2025-09-19 15:05:00 EST, surveillance team observed Carlos Mendez operating Silver Audi Q7 (VIN: WA1VAAFE4CD019283). Subject traveled directly to 1428 Elmwood Avenue, Chicago, IL (Apex Freight HQ) where a clandestine meeting occurred with Sarah Lin. Subjects were observed discussing operations related to Pacific Import Export Co. (San Diego, CA). Subject Sarah Lin was seen carrying a sealed package into the facility. --------------------------------------------------------------------------------"
SECTION_170_CDR_CELLULAR_TOWER_LOG,"FILE REF: 268A-CH-90412 DATE/TIME: 2025-09-20 00:10:00 EST REPORTING AGENT: SA Sarah Jenkins (ID: 4102) PRIMARY SUBJECTS: Marcus Thorne (Enforcer), Victor Vance (The Tailor) CELLULAR INTERCEPT DATA:   Device A: Marcus Thorne (+1-202-555-0143) | Device B: Victor Vance (+1-312-555-0199)   Cell Tower Sector: T-902 (412 Oak Street, Paterson, NJ (Safehouse Alpha))   Event: Call duration 271 seconds. Ping coordinates confirm both subjects in proximity. --------------------------------------------------------------------------------"
SECTION_171_FINANCIAL_AUDIT_LOG,"FILE REF: 268A-CH-90412 DATE/TIME: 2025-09-20 11:14:00 EST REPORTING AGENT: SA Michael Chang (ID: 9910) PRIMARY SUBJECTS: Sarah Lin (Accountant), Elena Rostova (The Tsaritsa) TRANSACTION RECORD:   Originator: Sarah Lin / Pacific Import Export Co. (San Diego, CA)   Destination Account: First National Bank Acc #8839-10294-US   Amount: $137,000.00 USD   Notes: Suspicious activity flag triggered. Linked to phone +1-619-555-0122 active at Pier 4, Gary Port Facility, Gary, IN. --------------------------------------------------------------------------------"
SECTION_172_FD-302_SURVEILLANCE,"FILE REF: 268A-CH-90412 DATE/TIME: 2025-09-20 22:47:00 EST REPORTING AGENT: SA Sarah Jenkins (ID: 4102) PRIMARY SUBJECTS: Tariq Mansoor (Ghost), Sarah Lin (Accountant) NARRATIVE: On 2025-09-20 22:47:00 EST, surveillance team observed Tariq Mansoor operating White Freightliner Semi-Truck (Lic: TRK-9901). Subject traveled directly to 1428 Elmwood Avenue, Chicago, IL (Apex Freight HQ) where a clandestine meeting occurred with Sarah Lin. Subjects were observed discussing operations related to Pacific Import Export Co. (San Diego, CA). Subject Sarah Lin was seen carrying a sealed package into the facility. --------------------------------------------------------------------------------"
SECTION_173_FINANCIAL_AUDIT_LOG,"FILE REF: 268A-CH-90412 DATE/TIME: 2025-09-21 08:13:00 EST REPORTING AGENT: SA Sarah Jenkins (ID: 4102) PRIMARY SUBJECTS: Tariq Mansoor (Ghost), Elena Rostova (The Tsaritsa) TRANSACTION RECORD:   Originator: Tariq Mansoor / Pacific Import Export Co. (San Diego, CA)   Destination Account: First National Bank Acc #8839-10294-US   Amount: $947,000.00 USD   Notes: Suspicious activity flag triggered. Linked to phone +1-973-555-0167 active at Pier 4, Gary Port Facility, Gary, IN. --------------------------------------------------------------------------------"
SECTION_174_FD-302_SURVEILLANCE,"FILE REF: 268A-CH-90412 DATE/TIME: 2025-09-21 10:28:00 EST REPORTING AGENT: SA Michael Chang (ID: 9910) PRIMARY SUBJECTS: Sarah Lin (Accountant), Elena Rostova (The Tsaritsa) NARRATIVE: On 2025-09-21 10:28:00 EST, surveillance team observed Sarah Lin operating White Freightliner Semi-Truck (Lic: TRK-9901). Subject traveled directly to 88 Industrial Parkway, Newark, NJ (Warehouse Depot) where a clandestine meeting occurred with Elena Rostova. Subjects were observed discussing operations related to Pacific Import Export Co. (San Diego, CA). Subject Elena Rostova was seen carrying a sealed package into the facility. --------------------------------------------------------------------------------"
SECTION_175_FD-302_SURVEILLANCE,"FILE REF: 268A-CH-90412 DATE/TIME: 2025-09-21 17:40:00 EST REPORTING AGENT: SA David Ruiz (ID: 8842) PRIMARY SUBJECTS: Elena Rostova (The Tsaritsa), Sarah Lin (Accountant) NARRATIVE: On 2025-09-21 17:40:00 EST, surveillance team observed Elena Rostova operating Black 2021 Ford Explorer (IL Plate: 7XYZ-89). Subject traveled directly to 304 Pier Road, Gary, IN (Lakeside Bistro) where a clandestine meeting occurred with Sarah Lin. Subjects were observed discussing operations related to Apex Freight Logistics (1428 Elmwood Ave, Chicago IL). Subject Sarah Lin was seen carrying a sealed package into the facility. --------------------------------------------------------------------------------"
SECTION_176_WIRETAP_INTERCEPT,"FILE REF: 268A-CH-90412 DATE/TIME: 2025-09-22 05:14:00 EST REPORTING AGENT: SA Michael Chang (ID: 9910) PRIMARY SUBJECTS: Victor Vance (The Tailor), Carlos Mendez (El Toro) TARGET LINE: +1-312-555-0199 (Victor Vance) -> +1-619-555-0199 (Carlos Mendez) TRANSCRIPT:   [2025-09-22 05:14:00 EST] Victor Vance: 'Did you authorize the release for Pacific Import Export Co. (San Diego, CA)?'   [2025-09-22 05:14:00 EST] Carlos Mendez: 'It is pending at 304 Pier Road, Gary, IN (Lakeside Bistro). We need $78,000 sent to Crypto Wallet 0x71C...3A9D (Darknet Link).'   [2025-09-22 05:14:00 EST] Victor Vance: 'Make sure El Toro handles the transport in the White Freightliner Semi-Truck (Lic: TRK-9901).' --------------------------------------------------------------------------------"
SECTION_177_FINANCIAL_AUDIT_LOG,"FILE REF: 268A-CH-90412 DATE/TIME: 2025-09-22 06:23:00 EST REPORTING AGENT: SA Sarah Jenkins (ID: 4102) PRIMARY SUBJECTS: Carlos Mendez (El Toro), Elena Rostova (The Tsaritsa) TRANSACTION RECORD:   Originator: Carlos Mendez / Horizon Global Transfer (Account HGT-9011)   Destination Account: Crypto Wallet 0x71C...3A9D (Darknet Link)   Amount: $710,000.00 USD   Notes: Suspicious activity flag triggered. Linked to phone +1-619-555-0199 active at Pier 4, Gary Port Facility, Gary, IN. --------------------------------------------------------------------------------"
SECTION_178_CDR_CELLULAR_TOWER_LOG,"FILE REF: 268A-CH-90412 DATE/TIME: 2025-09-22 15:29:00 EST REPORTING AGENT: SA Michael Chang (ID: 9910) PRIMARY SUBJECTS: Carlos Mendez (El Toro), Victor Vance (The Tailor) CELLULAR INTERCEPT DATA:   Device A: Carlos Mendez (+1-619-555-0199) | Device B: Victor Vance (+1-312-555-0199)   Cell Tower Sector: T-902 (304 Pier Road, Gary, IN (Lakeside Bistro))   Event: Call duration 330 seconds. Ping coordinates confirm both subjects in proximity. --------------------------------------------------------------------------------"
SECTION_179_WIRETAP_INTERCEPT,"FILE REF: 268A-CH-90412 DATE/TIME: 2025-09-22 16:52:00 EST REPORTING AGENT: SA Sarah Jenkins (ID: 4102) PRIMARY SUBJECTS: Carlos Mendez (El Toro), Victor Vance (The Tailor) TARGET LINE: +1-619-555-0199 (Carlos Mendez) -> +1-312-555-0199 (Victor Vance) TRANSCRIPT:   [2025-09-22 16:52:00 EST] Carlos Mendez: 'Did you authorize the release for Pacific Import Export Co. (San Diego, CA)?'   [2025-09-22 16:52:00 EST] Victor Vance: 'It is pending at 88 Industrial Parkway, Newark, NJ (Warehouse Depot). We need $205,000 sent to Bank of America Acc #5540-1920-3341.'   [2025-09-22 16:52:00 EST] Carlos Mendez: 'Make sure The Tailor handles the transport in the Silver Audi Q7 (VIN: WA1VAAFE4CD019283).' --------------------------------------------------------------------------------"
SECTION_180_FINANCIAL_AUDIT_LOG,"FILE REF: 268A-CH-90412 DATE/TIME: 2025-09-23 01:35:00 EST REPORTING AGENT: SA Michael Chang (ID: 9910) PRIMARY SUBJECTS: Marcus Thorne (Enforcer), Tariq Mansoor (Ghost) TRANSACTION RECORD:   Originator: Marcus Thorne / Meridian Holdings LLC (Shell Entity #8840)   Destination Account: Crypto Wallet 0x71C...3A9D (Darknet Link)   Amount: $422,000.00 USD   Notes: Suspicious activity flag triggered. Linked to phone +1-202-555-0143 active at 304 Pier Road, Gary, IN (Lakeside Bistro). --------------------------------------------------------------------------------"
SECTION_181_WIRETAP_INTERCEPT,"FILE REF: 268A-CH-90412 DATE/TIME: 2025-09-23 05:51:00 EST REPORTING AGENT: SA Sarah Jenkins (ID: 4102) PRIMARY SUBJECTS: Tariq Mansoor (Ghost), Victor Vance (The Tailor) TARGET LINE: +1-973-555-0167 (Tariq Mansoor) -> +1-312-555-0199 (Victor Vance) TRANSCRIPT:   [2025-09-23 05:51:00 EST] Tariq Mansoor: 'Did you authorize the release for Pacific Import Export Co. (San Diego, CA)?'   [2025-09-23 05:51:00 EST] Victor Vance: 'It is pending at 1428 Elmwood Avenue, Chicago, IL (Apex Freight HQ). We need $315,000 sent to Bank of America Acc #5540-1920-3341.'   [2025-09-23 05:51:00 EST] Tariq Mansoor: 'Make sure The Tailor handles the transport in the Black 2021 Ford Explorer (IL Plate: 7XYZ-89).' --------------------------------------------------------------------------------"
SECTION_182_FINANCIAL_AUDIT_LOG,"FILE REF: 268A-CH-90412 DATE/TIME: 2025-09-23 08:24:00 EST REPORTING AGENT: SA Michael Chang (ID: 9910) PRIMARY SUBJECTS: Tariq Mansoor (Ghost), Victor Vance (The Tailor) TRANSACTION RECORD:   Originator: Tariq Mansoor / Horizon Global Transfer (Account HGT-9011)   Destination Account: First National Bank Acc #8839-10294-US   Amount: $319,000.00 USD   Notes: Suspicious activity flag triggered. Linked to phone +1-973-555-0167 active at Pier 4, Gary Port Facility, Gary, IN. --------------------------------------------------------------------------------"
SECTION_183_CDR_CELLULAR_TOWER_LOG,"FILE REF: 268A-CH-90412 DATE/TIME: 2025-09-23 21:12:00 EST REPORTING AGENT: SA Sarah Jenkins (ID: 4102) PRIMARY SUBJECTS: Marcus Thorne (Enforcer), Tariq Mansoor (Ghost) CELLULAR INTERCEPT DATA:   Device A: Marcus Thorne (+1-202-555-0143) | Device B: Tariq Mansoor (+1-973-555-0167)   Cell Tower Sector: T-902 (304 Pier Road, Gary, IN (Lakeside Bistro))   Event: Call duration 301 seconds. Ping coordinates confirm both subjects in proximity. --------------------------------------------------------------------------------"
SECTION_184_FD-302_SURVEILLANCE,"FILE REF: 268A-CH-90412 DATE/TIME: 2025-09-23 23:38:00 EST REPORTING AGENT: SA David Ruiz (ID: 8842) PRIMARY SUBJECTS: Carlos Mendez (El Toro), Sarah Lin (Accountant) NARRATIVE: On 2025-09-23 23:38:00 EST, surveillance team observed Carlos Mendez operating White Freightliner Semi-Truck (Lic: TRK-9901). Subject traveled directly to 412 Oak Street, Paterson, NJ (Safehouse Alpha) where a clandestine meeting occurred with Sarah Lin. Subjects were observed discussing operations related to Pacific Import Export Co. (San Diego, CA). Subject Sarah Lin was seen carrying a sealed package into the facility. --------------------------------------------------------------------------------"
SECTION_185_FD-302_SURVEILLANCE,"FILE REF: 268A-CH-90412 DATE/TIME: 2025-09-24 00:43:00 EST REPORTING AGENT: SA David Ruiz (ID: 8842) PRIMARY SUBJECTS: Victor Vance (The Tailor), Carlos Mendez (El Toro) NARRATIVE: On 2025-09-24 00:43:00 EST, surveillance team observed Victor Vance operating Black 2021 Ford Explorer (IL Plate: 7XYZ-89). Subject traveled directly to 88 Industrial Parkway, Newark, NJ (Warehouse Depot) where a clandestine meeting occurred with Carlos Mendez. Subjects were observed discussing operations related to Horizon Global Transfer (Account HGT-9011). Subject Carlos Mendez was seen carrying a sealed package into the facility. --------------------------------------------------------------------------------"
SECTION_186_CDR_CELLULAR_TOWER_LOG,"FILE REF: 268A-CH-90412 DATE/TIME: 2025-09-24 02:47:00 EST REPORTING AGENT: SA Michael Chang (ID: 9910) PRIMARY SUBJECTS: Tariq Mansoor (Ghost), Carlos Mendez (El Toro) CELLULAR INTERCEPT DATA:   Device A: Tariq Mansoor (+1-973-555-0167) | Device B: Carlos Mendez (+1-619-555-0199)   Cell Tower Sector: T-902 (412 Oak Street, Paterson, NJ (Safehouse Alpha))   Event: Call duration 188 seconds. Ping coordinates confirm both subjects in proximity. --------------------------------------------------------------------------------"
SECTION_187_WIRETAP_INTERCEPT,"FILE REF: 268A-CH-90412 DATE/TIME: 2025-09-24 14:14:00 EST REPORTING AGENT: SA Sarah Jenkins (ID: 4102) PRIMARY SUBJECTS: Marcus Thorne (Enforcer), Victor Vance (The Tailor) TARGET LINE: +1-202-555-0143 (Marcus Thorne) -> +1-312-555-0199 (Victor Vance) TRANSCRIPT:   [2025-09-24 14:14:00 EST] Marcus Thorne: 'Did you authorize the release for Apex Freight Logistics (1428 Elmwood Ave, Chicago IL)?'   [2025-09-24 14:14:00 EST] Victor Vance: 'It is pending at 304 Pier Road, Gary, IN (Lakeside Bistro). We need $481,000 sent to Crypto Wallet 0x71C...3A9D (Darknet Link).'   [2025-09-24 14:14:00 EST] Marcus Thorne: 'Make sure The Tailor handles the transport in the Silver Audi Q7 (VIN: WA1VAAFE4CD019283).' --------------------------------------------------------------------------------"
SECTION_188_FINANCIAL_AUDIT_LOG,"FILE REF: 268A-CH-90412 DATE/TIME: 2025-09-25 02:20:00 EST REPORTING AGENT: SA David Ruiz (ID: 8842) PRIMARY SUBJECTS: Carlos Mendez (El Toro), Tariq Mansoor (Ghost) TRANSACTION RECORD:   Originator: Carlos Mendez / Pacific Import Export Co. (San Diego, CA)   Destination Account: Bank of America Acc #5540-1920-3341   Amount: $931,000.00 USD   Notes: Suspicious activity flag triggered. Linked to phone +1-619-555-0199 active at 304 Pier Road, Gary, IN (Lakeside Bistro). --------------------------------------------------------------------------------"
SECTION_189_WIRETAP_INTERCEPT,"FILE REF: 268A-CH-90412 DATE/TIME: 2025-09-25 13:20:00 EST REPORTING AGENT: SA Michael Chang (ID: 9910) PRIMARY SUBJECTS: Elena Rostova (The Tsaritsa), Marcus Thorne (Enforcer) TARGET LINE: +1-312-555-0188 (Elena Rostova) -> +1-202-555-0143 (Marcus Thorne) TRANSCRIPT:   [2025-09-25 13:20:00 EST] Elena Rostova: 'Did you authorize the release for Pacific Import Export Co. (San Diego, CA)?'   [2025-09-25 13:20:00 EST] Marcus Thorne: 'It is pending at 1428 Elmwood Avenue, Chicago, IL (Apex Freight HQ). We need $251,000 sent to First National Bank Acc #8839-10294-US.'   [2025-09-25 13:20:00 EST] Elena Rostova: 'Make sure Enforcer handles the transport in the White Freightliner Semi-Truck (Lic: TRK-9901).' --------------------------------------------------------------------------------"
SECTION_190_WIRETAP_INTERCEPT,"FILE REF: 268A-CH-90412 DATE/TIME: 2025-09-26 01:37:00 EST REPORTING AGENT: SA David Ruiz (ID: 8842) PRIMARY SUBJECTS: Tariq Mansoor (Ghost), Sarah Lin (Accountant) TARGET LINE: +1-973-555-0167 (Tariq Mansoor) -> +1-619-555-0122 (Sarah Lin) TRANSCRIPT:   [2025-09-26 01:37:00 EST] Tariq Mansoor: 'Did you authorize the release for Horizon Global Transfer (Account HGT-9011)?'   [2025-09-26 01:37:00 EST] Sarah Lin: 'It is pending at 304 Pier Road, Gary, IN (Lakeside Bistro). We need $417,000 sent to First National Bank Acc #8839-10294-US.'   [2025-09-26 01:37:00 EST] Tariq Mansoor: 'Make sure Accountant handles the transport in the Silver Audi Q7 (VIN: WA1VAAFE4CD019283).' --------------------------------------------------------------------------------"
SECTION_191_WIRETAP_INTERCEPT,"FILE REF: 268A-CH-90412 DATE/TIME: 2025-09-26 03:13:00 EST REPORTING AGENT: SA David Ruiz (ID: 8842) PRIMARY SUBJECTS: Tariq Mansoor (Ghost), Carlos Mendez (El Toro) TARGET LINE: +1-973-555-0167 (Tariq Mansoor) -> +1-619-555-0199 (Carlos Mendez) TRANSCRIPT:   [2025-09-26 03:13:00 EST] Tariq Mansoor: 'Did you authorize the release for Pacific Import Export Co. (San Diego, CA)?'   [2025-09-26 03:13:00 EST] Carlos Mendez: 'It is pending at Pier 4, Gary Port Facility, Gary, IN. We need $72,000 sent to Crypto Wallet 0x71C...3A9D (Darknet Link).'   [2025-09-26 03:13:00 EST] Tariq Mansoor: 'Make sure El Toro handles the transport in the Silver Audi Q7 (VIN: WA1VAAFE4CD019283).' --------------------------------------------------------------------------------"
SECTION_192_FINANCIAL_AUDIT_LOG,"FILE REF: 268A-CH-90412 DATE/TIME: 2025-09-26 13:12:00 EST REPORTING AGENT: SA Michael Chang (ID: 9910) PRIMARY SUBJECTS: Victor Vance (The Tailor), Sarah Lin (Accountant) TRANSACTION RECORD:   Originator: Victor Vance / Pacific Import Export Co. (San Diego, CA)   Destination Account: Bank of America Acc #5540-1920-3341   Amount: $838,000.00 USD   Notes: Suspicious activity flag triggered. Linked to phone +1-312-555-0199 active at 304 Pier Road, Gary, IN (Lakeside Bistro). --------------------------------------------------------------------------------"
SECTION_193_CDR_CELLULAR_TOWER_LOG,"FILE REF: 268A-CH-90412 DATE/TIME: 2025-09-27 01:51:00 EST REPORTING AGENT: SA David Ruiz (ID: 8842) PRIMARY SUBJECTS: Elena Rostova (The Tsaritsa), Tariq Mansoor (Ghost) CELLULAR INTERCEPT DATA:   Device A: Elena Rostova (+1-312-555-0188) | Device B: Tariq Mansoor (+1-973-555-0167)   Cell Tower Sector: T-902 (304 Pier Road, Gary, IN (Lakeside Bistro))   Event: Call duration 240 seconds. Ping coordinates confirm both subjects in proximity. --------------------------------------------------------------------------------"
SECTION_194_WIRETAP_INTERCEPT,"FILE REF: 268A-CH-90412 DATE/TIME: 2025-09-27 12:30:00 EST REPORTING AGENT: SA David Ruiz (ID: 8842) PRIMARY SUBJECTS: Carlos Mendez (El Toro), Tariq Mansoor (Ghost) TARGET LINE: +1-619-555-0199 (Carlos Mendez) -> +1-973-555-0167 (Tariq Mansoor) TRANSCRIPT:   [2025-09-27 12:30:00 EST] Carlos Mendez: 'Did you authorize the release for Meridian Holdings LLC (Shell Entity #8840)?'   [2025-09-27 12:30:00 EST] Tariq Mansoor: 'It is pending at 412 Oak Street, Paterson, NJ (Safehouse Alpha). We need $245,000 sent to Bank of America Acc #5540-1920-3341.'   [2025-09-27 12:30:00 EST] Carlos Mendez: 'Make sure Ghost handles the transport in the Black 2021 Ford Explorer (IL Plate: 7XYZ-89).' --------------------------------------------------------------------------------"
SECTION_195_FINANCIAL_AUDIT_LOG,"FILE REF: 268A-CH-90412 DATE/TIME: 2025-09-27 15:31:00 EST REPORTING AGENT: SA Sarah Jenkins (ID: 4102) PRIMARY SUBJECTS: Victor Vance (The Tailor), Carlos Mendez (El Toro) TRANSACTION RECORD:   Originator: Victor Vance / Horizon Global Transfer (Account HGT-9011)   Destination Account: First National Bank Acc #8839-10294-US   Amount: $314,000.00 USD   Notes: Suspicious activity flag triggered. Linked to phone +1-312-555-0199 active at 304 Pier Road, Gary, IN (Lakeside Bistro). --------------------------------------------------------------------------------"
SECTION_196_WIRETAP_INTERCEPT,"FILE REF: 268A-CH-90412 DATE/TIME: 2025-09-28 04:16:00 EST REPORTING AGENT: SA Sarah Jenkins (ID: 4102) PRIMARY SUBJECTS: Marcus Thorne (Enforcer), Carlos Mendez (El Toro) TARGET LINE: +1-202-555-0143 (Marcus Thorne) -> +1-619-555-0199 (Carlos Mendez) TRANSCRIPT:   [2025-09-28 04:16:00 EST] Marcus Thorne: 'Did you authorize the release for Meridian Holdings LLC (Shell Entity #8840)?'   [2025-09-28 04:16:00 EST] Carlos Mendez: 'It is pending at 412 Oak Street, Paterson, NJ (Safehouse Alpha). We need $233,000 sent to Crypto Wallet 0x71C...3A9D (Darknet Link).'   [2025-09-28 04:16:00 EST] Marcus Thorne: 'Make sure El Toro handles the transport in the White Freightliner Semi-Truck (Lic: TRK-9901).' --------------------------------------------------------------------------------"
SECTION_197_WIRETAP_INTERCEPT,"FILE REF: 268A-CH-90412 DATE/TIME: 2025-09-28 16:45:00 EST REPORTING AGENT: SA Michael Chang (ID: 9910) PRIMARY SUBJECTS: Elena Rostova (The Tsaritsa), Carlos Mendez (El Toro) TARGET LINE: +1-312-555-0188 (Elena Rostova) -> +1-619-555-0199 (Carlos Mendez) TRANSCRIPT:   [2025-09-28 16:45:00 EST] Elena Rostova: 'Did you authorize the release for Apex Freight Logistics (1428 Elmwood Ave, Chicago IL)?'   [2025-09-28 16:45:00 EST] Carlos Mendez: 'It is pending at 88 Industrial Parkway, Newark, NJ (Warehouse Depot). We need $437,000 sent to First National Bank Acc #8839-10294-US.'   [2025-09-28 16:45:00 EST] Elena Rostova: 'Make sure El Toro handles the transport in the Silver Audi Q7 (VIN: WA1VAAFE4CD019283).' --------------------------------------------------------------------------------"
SECTION_198_WIRETAP_INTERCEPT,"FILE REF: 268A-CH-90412 DATE/TIME: 2025-09-29 04:12:00 EST REPORTING AGENT: SA Michael Chang (ID: 9910) PRIMARY SUBJECTS: Carlos Mendez (El Toro), Marcus Thorne (Enforcer) TARGET LINE: +1-619-555-0199 (Carlos Mendez) -> +1-202-555-0143 (Marcus Thorne) TRANSCRIPT:   [2025-09-29 04:12:00 EST] Carlos Mendez: 'Did you authorize the release for Pacific Import Export Co. (San Diego, CA)?'   [2025-09-29 04:12:00 EST] Marcus Thorne: 'It is pending at Pier 4, Gary Port Facility, Gary, IN. We need $55,000 sent to Bank of America Acc #5540-1920-3341.'   [2025-09-29 04:12:00 EST] Carlos Mendez: 'Make sure Enforcer handles the transport in the Silver Audi Q7 (VIN: WA1VAAFE4CD019283).' --------------------------------------------------------------------------------"
SECTION_199_CDR_CELLULAR_TOWER_LOG,"FILE REF: 268A-CH-90412 DATE/TIME: 2025-09-29 07:16:00 EST REPORTING AGENT: SA Michael Chang (ID: 9910) PRIMARY SUBJECTS: Tariq Mansoor (Ghost), Elena Rostova (The Tsaritsa) CELLULAR INTERCEPT DATA:   Device A: Tariq Mansoor (+1-973-555-0167) | Device B: Elena Rostova (+1-312-555-0188)   Cell Tower Sector: T-902 (88 Industrial Parkway, Newark, NJ (Warehouse Depot))   Event: Call duration 365 seconds. Ping coordinates confirm both subjects in proximity. --------------------------------------------------------------------------------"
SECTION_200_FINANCIAL_AUDIT_LOG,"FILE REF: 268A-CH-90412 DATE/TIME: 2025-09-29 15:23:00 EST REPORTING AGENT: SA Sarah Jenkins (ID: 4102) PRIMARY SUBJECTS: Sarah Lin (Accountant), Victor Vance (The Tailor) TRANSACTION RECORD:   Originator: Sarah Lin / Meridian Holdings LLC (Shell Entity #8840)   Destination Account: Bank of America Acc #5540-1920-3341   Amount: $469,000.00 USD   Notes: Suspicious activity flag triggered. Linked to phone +1-619-555-0122 active at Pier 4, Gary Port Facility, Gary, IN. --------------------------------------------------------------------------------"
SECTION_201_CDR_CELLULAR_TOWER_LOG,"FILE REF: 268A-CH-90412 DATE/TIME: 2025-09-30 02:07:00 EST REPORTING AGENT: SA Sarah Jenkins (ID: 4102) PRIMARY SUBJECTS: Carlos Mendez (El Toro), Tariq Mansoor (Ghost) CELLULAR INTERCEPT DATA:   Device A: Carlos Mendez (+1-619-555-0199) | Device B: Tariq Mansoor (+1-973-555-0167)   Cell Tower Sector: T-902 (Pier 4, Gary Port Facility, Gary, IN)   Event: Call duration 276 seconds. Ping coordinates confirm both subjects in proximity. --------------------------------------------------------------------------------"
SECTION_202_CDR_CELLULAR_TOWER_LOG,"FILE REF: 268A-CH-90412 DATE/TIME: 2025-09-30 04:04:00 EST REPORTING AGENT: SA Michael Chang (ID: 9910) PRIMARY SUBJECTS: Marcus Thorne (Enforcer), Elena Rostova (The Tsaritsa) CELLULAR INTERCEPT DATA:   Device A: Marcus Thorne (+1-202-555-0143) | Device B: Elena Rostova (+1-312-555-0188)   Cell Tower Sector: T-902 (Pier 4, Gary Port Facility, Gary, IN)   Event: Call duration 430 seconds. Ping coordinates confirm both subjects in proximity. --------------------------------------------------------------------------------"
SECTION_203_FD-302_SURVEILLANCE,"FILE REF: 268A-CH-90412 DATE/TIME: 2025-09-30 07:32:00 EST REPORTING AGENT: SA Michael Chang (ID: 9910) PRIMARY SUBJECTS: Marcus Thorne (Enforcer), Sarah Lin (Accountant) NARRATIVE: On 2025-09-30 07:32:00 EST, surveillance team observed Marcus Thorne operating White Freightliner Semi-Truck (Lic: TRK-9901). Subject traveled directly to 88 Industrial Parkway, Newark, NJ (Warehouse Depot) where a clandestine meeting occurred with Sarah Lin. Subjects were observed discussing operations related to Pacific Import Export Co. (San Diego, CA). Subject Sarah Lin was seen carrying a sealed package into the facility. --------------------------------------------------------------------------------"
SECTION_204_FINANCIAL_AUDIT_LOG,"FILE REF: 268A-CH-90412 DATE/TIME: 2025-09-30 10:13:00 EST REPORTING AGENT: SA Michael Chang (ID: 9910) PRIMARY SUBJECTS: Marcus Thorne (Enforcer), Elena Rostova (The Tsaritsa) TRANSACTION RECORD:   Originator: Marcus Thorne / Meridian Holdings LLC (Shell Entity #8840)   Destination Account: Crypto Wallet 0x71C...3A9D (Darknet Link)   Amount: $345,000.00 USD   Notes: Suspicious activity flag triggered. Linked to phone +1-202-555-0143 active at Pier 4, Gary Port Facility, Gary, IN. --------------------------------------------------------------------------------"
SECTION_205_FD-302_SURVEILLANCE,"FILE REF: 268A-CH-90412 DATE/TIME: 2025-09-30 21:43:00 EST REPORTING AGENT: SA Michael Chang (ID: 9910) PRIMARY SUBJECTS: Sarah Lin (Accountant), Elena Rostova (The Tsaritsa) NARRATIVE: On 2025-09-30 21:43:00 EST, surveillance team observed Sarah Lin operating Black 2021 Ford Explorer (IL Plate: 7XYZ-89). Subject traveled directly to Pier 4, Gary Port Facility, Gary, IN where a clandestine meeting occurred with Elena Rostova. Subjects were observed discussing operations related to Apex Freight Logistics (1428 Elmwood Ave, Chicago IL). Subject Elena Rostova was seen carrying a sealed package into the facility. --------------------------------------------------------------------------------"
SECTION_206_WIRETAP_INTERCEPT,"FILE REF: 268A-CH-90412 DATE/TIME: 2025-10-01 01:35:00 EST REPORTING AGENT: SA David Ruiz (ID: 8842) PRIMARY SUBJECTS: Tariq Mansoor (Ghost), Sarah Lin (Accountant) TARGET LINE: +1-973-555-0167 (Tariq Mansoor) -> +1-619-555-0122 (Sarah Lin) TRANSCRIPT:   [2025-10-01 01:35:00 EST] Tariq Mansoor: 'Did you authorize the release for Horizon Global Transfer (Account HGT-9011)?'   [2025-10-01 01:35:00 EST] Sarah Lin: 'It is pending at Pier 4, Gary Port Facility, Gary, IN. We need $499,000 sent to First National Bank Acc #8839-10294-US.'   [2025-10-01 01:35:00 EST] Tariq Mansoor: 'Make sure Accountant handles the transport in the Black 2021 Ford Explorer (IL Plate: 7XYZ-89).' --------------------------------------------------------------------------------"
SECTION_207_CDR_CELLULAR_TOWER_LOG,"FILE REF: 268A-CH-90412 DATE/TIME: 2025-10-01 03:47:00 EST REPORTING AGENT: SA David Ruiz (ID: 8842) PRIMARY SUBJECTS: Marcus Thorne (Enforcer), Elena Rostova (The Tsaritsa) CELLULAR INTERCEPT DATA:   Device A: Marcus Thorne (+1-202-555-0143) | Device B: Elena Rostova (+1-312-555-0188)   Cell Tower Sector: T-902 (412 Oak Street, Paterson, NJ (Safehouse Alpha))   Event: Call duration 390 seconds. Ping coordinates confirm both subjects in proximity. --------------------------------------------------------------------------------"
SECTION_208_FINANCIAL_AUDIT_LOG,"FILE REF: 268A-CH-90412 DATE/TIME: 2025-10-01 10:20:00 EST REPORTING AGENT: SA David Ruiz (ID: 8842) PRIMARY SUBJECTS: Marcus Thorne (Enforcer), Victor Vance (The Tailor) TRANSACTION RECORD:   Originator: Marcus Thorne / Horizon Global Transfer (Account HGT-9011)   Destination Account: Bank of America Acc #5540-1920-3341   Amount: $724,000.00 USD   Notes: Suspicious activity flag triggered. Linked to phone +1-202-555-0143 active at 1428 Elmwood Avenue, Chicago, IL (Apex Freight HQ). --------------------------------------------------------------------------------"
SECTION_209_FD-302_SURVEILLANCE,"FILE REF: 268A-CH-90412 DATE/TIME: 2025-10-01 18:56:00 EST REPORTING AGENT: SA Michael Chang (ID: 9910) PRIMARY SUBJECTS: Sarah Lin (Accountant), Marcus Thorne (Enforcer) NARRATIVE: On 2025-10-01 18:56:00 EST, surveillance team observed Sarah Lin operating Silver Audi Q7 (VIN: WA1VAAFE4CD019283). Subject traveled directly to 304 Pier Road, Gary, IN (Lakeside Bistro) where a clandestine meeting occurred with Marcus Thorne. Subjects were observed discussing operations related to Apex Freight Logistics (1428 Elmwood Ave, Chicago IL). Subject Marcus Thorne was seen carrying a sealed package into the facility. --------------------------------------------------------------------------------"
SECTION_210_FD-302_SURVEILLANCE,"FILE REF: 268A-CH-90412 DATE/TIME: 2025-10-02 04:51:00 EST REPORTING AGENT: SA Sarah Jenkins (ID: 4102) PRIMARY SUBJECTS: Victor Vance (The Tailor), Carlos Mendez (El Toro) NARRATIVE: On 2025-10-02 04:51:00 EST, surveillance team observed Victor Vance operating Black 2021 Ford Explorer (IL Plate: 7XYZ-89). Subject traveled directly to 88 Industrial Parkway, Newark, NJ (Warehouse Depot) where a clandestine meeting occurred with Carlos Mendez. Subjects were observed discussing operations related to Pacific Import Export Co. (San Diego, CA). Subject Carlos Mendez was seen carrying a sealed package into the facility. --------------------------------------------------------------------------------"
SECTION_211_WIRETAP_INTERCEPT,"FILE REF: 268A-CH-90412 DATE/TIME: 2025-10-02 10:42:00 EST REPORTING AGENT: SA Michael Chang (ID: 9910) PRIMARY SUBJECTS: Carlos Mendez (El Toro), Marcus Thorne (Enforcer) TARGET LINE: +1-619-555-0199 (Carlos Mendez) -> +1-202-555-0143 (Marcus Thorne) TRANSCRIPT:   [2025-10-02 10:42:00 EST] Carlos Mendez: 'Did you authorize the release for Meridian Holdings LLC (Shell Entity #8840)?'   [2025-10-02 10:42:00 EST] Marcus Thorne: 'It is pending at 412 Oak Street, Paterson, NJ (Safehouse Alpha). We need $228,000 sent to Crypto Wallet 0x71C...3A9D (Darknet Link).'   [2025-10-02 10:42:00 EST] Carlos Mendez: 'Make sure Enforcer handles the transport in the White Freightliner Semi-Truck (Lic: TRK-9901).' --------------------------------------------------------------------------------"
SECTION_212_WIRETAP_INTERCEPT,"FILE REF: 268A-CH-90412 DATE/TIME: 2025-10-02 19:42:00 EST REPORTING AGENT: SA Michael Chang (ID: 9910) PRIMARY SUBJECTS: Sarah Lin (Accountant), Victor Vance (The Tailor) TARGET LINE: +1-619-555-0122 (Sarah Lin) -> +1-312-555-0199 (Victor Vance) TRANSCRIPT:   [2025-10-02 19:42:00 EST] Sarah Lin: 'Did you authorize the release for Horizon Global Transfer (Account HGT-9011)?'   [2025-10-02 19:42:00 EST] Victor Vance: 'It is pending at Pier 4, Gary Port Facility, Gary, IN. We need $51,000 sent to Bank of America Acc #5540-1920-3341.'   [2025-10-02 19:42:00 EST] Sarah Lin: 'Make sure The Tailor handles the transport in the Silver Audi Q7 (VIN: WA1VAAFE4CD019283).' --------------------------------------------------------------------------------"
SECTION_213_FD-302_SURVEILLANCE,"FILE REF: 268A-CH-90412 DATE/TIME: 2025-10-02 22:56:00 EST REPORTING AGENT: SA David Ruiz (ID: 8842) PRIMARY SUBJECTS: Sarah Lin (Accountant), Tariq Mansoor (Ghost) NARRATIVE: On 2025-10-02 22:56:00 EST, surveillance team observed Sarah Lin operating White Freightliner Semi-Truck (Lic: TRK-9901). Subject traveled directly to 1428 Elmwood Avenue, Chicago, IL (Apex Freight HQ) where a clandestine meeting occurred with Tariq Mansoor. Subjects were observed discussing operations related to Pacific Import Export Co. (San Diego, CA). Subject Tariq Mansoor was seen carrying a sealed package into the facility. --------------------------------------------------------------------------------"
SECTION_214_WIRETAP_INTERCEPT,"FILE REF: 268A-CH-90412 DATE/TIME: 2025-10-03 05:13:00 EST REPORTING AGENT: SA Sarah Jenkins (ID: 4102) PRIMARY SUBJECTS: Sarah Lin (Accountant), Tariq Mansoor (Ghost) TARGET LINE: +1-619-555-0122 (Sarah Lin) -> +1-973-555-0167 (Tariq Mansoor) TRANSCRIPT:   [2025-10-03 05:13:00 EST] Sarah Lin: 'Did you authorize the release for Meridian Holdings LLC (Shell Entity #8840)?'   [2025-10-03 05:13:00 EST] Tariq Mansoor: 'It is pending at 412 Oak Street, Paterson, NJ (Safehouse Alpha). We need $366,000 sent to Crypto Wallet 0x71C...3A9D (Darknet Link).'   [2025-10-03 05:13:00 EST] Sarah Lin: 'Make sure Ghost handles the transport in the Silver Audi Q7 (VIN: WA1VAAFE4CD019283).' --------------------------------------------------------------------------------"
SECTION_215_CDR_CELLULAR_TOWER_LOG,"FILE REF: 268A-CH-90412 DATE/TIME: 2025-10-03 16:01:00 EST REPORTING AGENT: SA David Ruiz (ID: 8842) PRIMARY SUBJECTS: Victor Vance (The Tailor), Marcus Thorne (Enforcer) CELLULAR INTERCEPT DATA:   Device A: Victor Vance (+1-312-555-0199) | Device B: Marcus Thorne (+1-202-555-0143)   Cell Tower Sector: T-902 (1428 Elmwood Avenue, Chicago, IL (Apex Freight HQ))   Event: Call duration 419 seconds. Ping coordinates confirm both subjects in proximity. --------------------------------------------------------------------------------"
SECTION_216_FINANCIAL_AUDIT_LOG,"FILE REF: 268A-CH-90412 DATE/TIME: 2025-10-03 20:05:00 EST REPORTING AGENT: SA David Ruiz (ID: 8842) PRIMARY SUBJECTS: Elena Rostova (The Tsaritsa), Tariq Mansoor (Ghost) TRANSACTION RECORD:   Originator: Elena Rostova / Pacific Import Export Co. (San Diego, CA)   Destination Account: Bank of America Acc #5540-1920-3341   Amount: $842,000.00 USD   Notes: Suspicious activity flag triggered. Linked to phone +1-312-555-0188 active at 412 Oak Street, Paterson, NJ (Safehouse Alpha). --------------------------------------------------------------------------------"
SECTION_217_WIRETAP_INTERCEPT,"FILE REF: 268A-CH-90412 DATE/TIME: 2025-10-04 03:21:00 EST REPORTING AGENT: SA Michael Chang (ID: 9910) PRIMARY SUBJECTS: Elena Rostova (The Tsaritsa), Tariq Mansoor (Ghost) TARGET LINE: +1-312-555-0188 (Elena Rostova) -> +1-973-555-0167 (Tariq Mansoor) TRANSCRIPT:   [2025-10-04 03:21:00 EST] Elena Rostova: 'Did you authorize the release for Pacific Import Export Co. (San Diego, CA)?'   [2025-10-04 03:21:00 EST] Tariq Mansoor: 'It is pending at Pier 4, Gary Port Facility, Gary, IN. We need $256,000 sent to Crypto Wallet 0x71C...3A9D (Darknet Link).'   [2025-10-04 03:21:00 EST] Elena Rostova: 'Make sure Ghost handles the transport in the Black 2021 Ford Explorer (IL Plate: 7XYZ-89).' --------------------------------------------------------------------------------"
SECTION_218_FD-302_SURVEILLANCE,"FILE REF: 268A-CH-90412 DATE/TIME: 2025-10-04 04:57:00 EST REPORTING AGENT: SA Sarah Jenkins (ID: 4102) PRIMARY SUBJECTS: Tariq Mansoor (Ghost), Elena Rostova (The Tsaritsa) NARRATIVE: On 2025-10-04 04:57:00 EST, surveillance team observed Tariq Mansoor operating Black 2021 Ford Explorer (IL Plate: 7XYZ-89). Subject traveled directly to Pier 4, Gary Port Facility, Gary, IN where a clandestine meeting occurred with Elena Rostova. Subjects were observed discussing operations related to Horizon Global Transfer (Account HGT-9011). Subject Elena Rostova was seen carrying a sealed package into the facility. --------------------------------------------------------------------------------"
SECTION_219_WIRETAP_INTERCEPT,"FILE REF: 268A-CH-90412 DATE/TIME: 2025-10-04 09:07:00 EST REPORTING AGENT: SA Sarah Jenkins (ID: 4102) PRIMARY SUBJECTS: Victor Vance (The Tailor), Marcus Thorne (Enforcer) TARGET LINE: +1-312-555-0199 (Victor Vance) -> +1-202-555-0143 (Marcus Thorne) TRANSCRIPT:   [2025-10-04 09:07:00 EST] Victor Vance: 'Did you authorize the release for Meridian Holdings LLC (Shell Entity #8840)?'   [2025-10-04 09:07:00 EST] Marcus Thorne: 'It is pending at 304 Pier Road, Gary, IN (Lakeside Bistro). We need $165,000 sent to First National Bank Acc #8839-10294-US.'   [2025-10-04 09:07:00 EST] Victor Vance: 'Make sure Enforcer handles the transport in the Silver Audi Q7 (VIN: WA1VAAFE4CD019283).' --------------------------------------------------------------------------------"
SECTION_220_CDR_CELLULAR_TOWER_LOG,"FILE REF: 268A-CH-90412 DATE/TIME: 2025-10-04 11:25:00 EST REPORTING AGENT: SA Sarah Jenkins (ID: 4102) PRIMARY SUBJECTS: Tariq Mansoor (Ghost), Carlos Mendez (El Toro) CELLULAR INTERCEPT DATA:   Device A: Tariq Mansoor (+1-973-555-0167) | Device B: Carlos Mendez (+1-619-555-0199)   Cell Tower Sector: T-902 (Pier 4, Gary Port Facility, Gary, IN)   Event: Call duration 253 seconds. Ping coordinates confirm both subjects in proximity. --------------------------------------------------------------------------------"
SECTION_221_WIRETAP_INTERCEPT,"FILE REF: 268A-CH-90412 DATE/TIME: 2025-10-04 17:14:00 EST REPORTING AGENT: SA Sarah Jenkins (ID: 4102) PRIMARY SUBJECTS: Elena Rostova (The Tsaritsa), Marcus Thorne (Enforcer) TARGET LINE: +1-312-555-0188 (Elena Rostova) -> +1-202-555-0143 (Marcus Thorne) TRANSCRIPT:   [2025-10-04 17:14:00 EST] Elena Rostova: 'Did you authorize the release for Pacific Import Export Co. (San Diego, CA)?'   [2025-10-04 17:14:00 EST] Marcus Thorne: 'It is pending at Pier 4, Gary Port Facility, Gary, IN. We need $421,000 sent to Crypto Wallet 0x71C...3A9D (Darknet Link).'   [2025-10-04 17:14:00 EST] Elena Rostova: 'Make sure Enforcer handles the transport in the Black 2021 Ford Explorer (IL Plate: 7XYZ-89).' --------------------------------------------------------------------------------"
SECTION_222_FD-302_SURVEILLANCE,"FILE REF: 268A-CH-90412 DATE/TIME: 2025-10-05 05:27:00 EST REPORTING AGENT: SA Michael Chang (ID: 9910) PRIMARY SUBJECTS: Victor Vance (The Tailor), Marcus Thorne (Enforcer) NARRATIVE: On 2025-10-05 05:27:00 EST, surveillance team observed Victor Vance operating Silver Audi Q7 (VIN: WA1VAAFE4CD019283). Subject traveled directly to 412 Oak Street, Paterson, NJ (Safehouse Alpha) where a clandestine meeting occurred with Marcus Thorne. Subjects were observed discussing operations related to Apex Freight Logistics (1428 Elmwood Ave, Chicago IL). Subject Marcus Thorne was seen carrying a sealed package into the facility. --------------------------------------------------------------------------------"
SECTION_223_FINANCIAL_AUDIT_LOG,"FILE REF: 268A-CH-90412 DATE/TIME: 2025-10-05 09:45:00 EST REPORTING AGENT: SA Sarah Jenkins (ID: 4102) PRIMARY SUBJECTS: Marcus Thorne (Enforcer), Sarah Lin (Accountant) TRANSACTION RECORD:   Originator: Marcus Thorne / Horizon Global Transfer (Account HGT-9011)   Destination Account: Crypto Wallet 0x71C...3A9D (Darknet Link)   Amount: $345,000.00 USD   Notes: Suspicious activity flag triggered. Linked to phone +1-202-555-0143 active at 88 Industrial Parkway, Newark, NJ (Warehouse Depot). --------------------------------------------------------------------------------"
SECTION_224_FINANCIAL_AUDIT_LOG,"FILE REF: 268A-CH-90412 DATE/TIME: 2025-10-05 21:50:00 EST REPORTING AGENT: SA Sarah Jenkins (ID: 4102) PRIMARY SUBJECTS: Tariq Mansoor (Ghost), Sarah Lin (Accountant) TRANSACTION RECORD:   Originator: Tariq Mansoor / Horizon Global Transfer (Account HGT-9011)   Destination Account: Crypto Wallet 0x71C...3A9D (Darknet Link)   Amount: $759,000.00 USD   Notes: Suspicious activity flag triggered. Linked to phone +1-973-555-0167 active at Pier 4, Gary Port Facility, Gary, IN. --------------------------------------------------------------------------------"
SECTION_225_FD-302_SURVEILLANCE,"FILE REF: 268A-CH-90412 DATE/TIME: 2025-10-06 08:31:00 EST REPORTING AGENT: SA Michael Chang (ID: 9910) PRIMARY SUBJECTS: Tariq Mansoor (Ghost), Carlos Mendez (El Toro) NARRATIVE: On 2025-10-06 08:31:00 EST, surveillance team observed Tariq Mansoor operating Silver Audi Q7 (VIN: WA1VAAFE4CD019283). Subject traveled directly to 1428 Elmwood Avenue, Chicago, IL (Apex Freight HQ) where a clandestine meeting occurred with Carlos Mendez. Subjects were observed discussing operations related to Apex Freight Logistics (1428 Elmwood Ave, Chicago IL). Subject Carlos Mendez was seen carrying a sealed package into the facility. --------------------------------------------------------------------------------"
SECTION_226_FINANCIAL_AUDIT_LOG,"FILE REF: 268A-CH-90412 DATE/TIME: 2025-10-06 19:13:00 EST REPORTING AGENT: SA David Ruiz (ID: 8842) PRIMARY SUBJECTS: Victor Vance (The Tailor), Sarah Lin (Accountant) TRANSACTION RECORD:   Originator: Victor Vance / Pacific Import Export Co. (San Diego, CA)   Destination Account: Crypto Wallet 0x71C...3A9D (Darknet Link)   Amount: $492,000.00 USD   Notes: Suspicious activity flag triggered. Linked to phone +1-312-555-0199 active at 304 Pier Road, Gary, IN (Lakeside Bistro). --------------------------------------------------------------------------------"
SECTION_227_FINANCIAL_AUDIT_LOG,"FILE REF: 268A-CH-90412 DATE/TIME: 2025-10-07 02:40:00 EST REPORTING AGENT: SA David Ruiz (ID: 8842) PRIMARY SUBJECTS: Carlos Mendez (El Toro), Sarah Lin (Accountant) TRANSACTION RECORD:   Originator: Carlos Mendez / Pacific Import Export Co. (San Diego, CA)   Destination Account: First National Bank Acc #8839-10294-US   Amount: $563,000.00 USD   Notes: Suspicious activity flag triggered. Linked to phone +1-619-555-0199 active at 88 Industrial Parkway, Newark, NJ (Warehouse Depot). --------------------------------------------------------------------------------"
SECTION_228_CDR_CELLULAR_TOWER_LOG,"FILE REF: 268A-CH-90412 DATE/TIME: 2025-10-07 09:24:00 EST REPORTING AGENT: SA Michael Chang (ID: 9910) PRIMARY SUBJECTS: Elena Rostova (The Tsaritsa), Marcus Thorne (Enforcer) CELLULAR INTERCEPT DATA:   Device A: Elena Rostova (+1-312-555-0188) | Device B: Marcus Thorne (+1-202-555-0143)   Cell Tower Sector: T-902 (1428 Elmwood Avenue, Chicago, IL (Apex Freight HQ))   Event: Call duration 76 seconds. Ping coordinates confirm both subjects in proximity. --------------------------------------------------------------------------------"
SECTION_229_WIRETAP_INTERCEPT,"FILE REF: 268A-CH-90412 DATE/TIME: 2025-10-07 17:59:00 EST REPORTING AGENT: SA Sarah Jenkins (ID: 4102) PRIMARY SUBJECTS: Tariq Mansoor (Ghost), Victor Vance (The Tailor) TARGET LINE: +1-973-555-0167 (Tariq Mansoor) -> +1-312-555-0199 (Victor Vance) TRANSCRIPT:   [2025-10-07 17:59:00 EST] Tariq Mansoor: 'Did you authorize the release for Pacific Import Export Co. (San Diego, CA)?'   [2025-10-07 17:59:00 EST] Victor Vance: 'It is pending at Pier 4, Gary Port Facility, Gary, IN. We need $353,000 sent to Bank of America Acc #5540-1920-3341.'   [2025-10-07 17:59:00 EST] Tariq Mansoor: 'Make sure The Tailor handles the transport in the Black 2021 Ford Explorer (IL Plate: 7XYZ-89).' --------------------------------------------------------------------------------"
SECTION_230_WIRETAP_INTERCEPT,"FILE REF: 268A-CH-90412 DATE/TIME: 2025-10-08 00:04:00 EST REPORTING AGENT: SA Michael Chang (ID: 9910) PRIMARY SUBJECTS: Tariq Mansoor (Ghost), Marcus Thorne (Enforcer) TARGET LINE: +1-973-555-0167 (Tariq Mansoor) -> +1-202-555-0143 (Marcus Thorne) TRANSCRIPT:   [2025-10-08 00:04:00 EST] Tariq Mansoor: 'Did you authorize the release for Apex Freight Logistics (1428 Elmwood Ave, Chicago IL)?'   [2025-10-08 00:04:00 EST] Marcus Thorne: 'It is pending at 88 Industrial Parkway, Newark, NJ (Warehouse Depot). We need $300,000 sent to Bank of America Acc #5540-1920-3341.'   [2025-10-08 00:04:00 EST] Tariq Mansoor: 'Make sure Enforcer handles the transport in the Silver Audi Q7 (VIN: WA1VAAFE4CD019283).' --------------------------------------------------------------------------------"
SECTION_231_WIRETAP_INTERCEPT,"FILE REF: 268A-CH-90412 DATE/TIME: 2025-10-08 10:51:00 EST REPORTING AGENT: SA Sarah Jenkins (ID: 4102) PRIMARY SUBJECTS: Elena Rostova (The Tsaritsa), Marcus Thorne (Enforcer) TARGET LINE: +1-312-555-0188 (Elena Rostova) -> +1-202-555-0143 (Marcus Thorne) TRANSCRIPT:   [2025-10-08 10:51:00 EST] Elena Rostova: 'Did you authorize the release for Pacific Import Export Co. (San Diego, CA)?'   [2025-10-08 10:51:00 EST] Marcus Thorne: 'It is pending at Pier 4, Gary Port Facility, Gary, IN. We need $120,000 sent to Bank of America Acc #5540-1920-3341.'   [2025-10-08 10:51:00 EST] Elena Rostova: 'Make sure Enforcer handles the transport in the Black 2021 Ford Explorer (IL Plate: 7XYZ-89).' --------------------------------------------------------------------------------"
SECTION_232_FD-302_SURVEILLANCE,"FILE REF: 268A-CH-90412 DATE/TIME: 2025-10-08 21:15:00 EST REPORTING AGENT: SA Sarah Jenkins (ID: 4102) PRIMARY SUBJECTS: Tariq Mansoor (Ghost), Elena Rostova (The Tsaritsa) NARRATIVE: On 2025-10-08 21:15:00 EST, surveillance team observed Tariq Mansoor operating Silver Audi Q7 (VIN: WA1VAAFE4CD019283). Subject traveled directly to Pier 4, Gary Port Facility, Gary, IN where a clandestine meeting occurred with Elena Rostova. Subjects were observed discussing operations related to Meridian Holdings LLC (Shell Entity #8840). Subject Elena Rostova was seen carrying a sealed package into the facility. --------------------------------------------------------------------------------"
SECTION_233_FD-302_SURVEILLANCE,"FILE REF: 268A-CH-90412 DATE/TIME: 2025-10-09 02:37:00 EST REPORTING AGENT: SA David Ruiz (ID: 8842) PRIMARY SUBJECTS: Elena Rostova (The Tsaritsa), Victor Vance (The Tailor) NARRATIVE: On 2025-10-09 02:37:00 EST, surveillance team observed Elena Rostova operating Black 2021 Ford Explorer (IL Plate: 7XYZ-89). Subject traveled directly to 88 Industrial Parkway, Newark, NJ (Warehouse Depot) where a clandestine meeting occurred with Victor Vance. Subjects were observed discussing operations related to Apex Freight Logistics (1428 Elmwood Ave, Chicago IL). Subject Victor Vance was seen carrying a sealed package into the facility. --------------------------------------------------------------------------------"
SECTION_234_FD-302_SURVEILLANCE,"FILE REF: 268A-CH-90412 DATE/TIME: 2025-10-09 06:44:00 EST REPORTING AGENT: SA Michael Chang (ID: 9910) PRIMARY SUBJECTS: Sarah Lin (Accountant), Carlos Mendez (El Toro) NARRATIVE: On 2025-10-09 06:44:00 EST, surveillance team observed Sarah Lin operating Black 2021 Ford Explorer (IL Plate: 7XYZ-89). Subject traveled directly to 88 Industrial Parkway, Newark, NJ (Warehouse Depot) where a clandestine meeting occurred with Carlos Mendez. Subjects were observed discussing operations related to Apex Freight Logistics (1428 Elmwood Ave, Chicago IL). Subject Carlos Mendez was seen carrying a sealed package into the facility. --------------------------------------------------------------------------------"
SECTION_235_CDR_CELLULAR_TOWER_LOG,"FILE REF: 268A-CH-90412 DATE/TIME: 2025-10-09 18:31:00 EST REPORTING AGENT: SA David Ruiz (ID: 8842) PRIMARY SUBJECTS: Sarah Lin (Accountant), Elena Rostova (The Tsaritsa) CELLULAR INTERCEPT DATA:   Device A: Sarah Lin (+1-619-555-0122) | Device B: Elena Rostova (+1-312-555-0188)   Cell Tower Sector: T-902 (1428 Elmwood Avenue, Chicago, IL (Apex Freight HQ))   Event: Call duration 155 seconds. Ping coordinates confirm both subjects in proximity. --------------------------------------------------------------------------------"
SECTION_236_FD-302_SURVEILLANCE,"FILE REF: 268A-CH-90412 DATE/TIME: 2025-10-09 22:49:00 EST REPORTING AGENT: SA Sarah Jenkins (ID: 4102) PRIMARY SUBJECTS: Marcus Thorne (Enforcer), Victor Vance (The Tailor) NARRATIVE: On 2025-10-09 22:49:00 EST, surveillance team observed Marcus Thorne operating Silver Audi Q7 (VIN: WA1VAAFE4CD019283). Subject traveled directly to Pier 4, Gary Port Facility, Gary, IN where a clandestine meeting occurred with Victor Vance. Subjects were observed discussing operations related to Meridian Holdings LLC (Shell Entity #8840). Subject Victor Vance was seen carrying a sealed package into the facility. --------------------------------------------------------------------------------"
SECTION_237_FD-302_SURVEILLANCE,"FILE REF: 268A-CH-90412 DATE/TIME: 2025-10-10 06:42:00 EST REPORTING AGENT: SA Michael Chang (ID: 9910) PRIMARY SUBJECTS: Elena Rostova (The Tsaritsa), Carlos Mendez (El Toro) NARRATIVE: On 2025-10-10 06:42:00 EST, surveillance team observed Elena Rostova operating Silver Audi Q7 (VIN: WA1VAAFE4CD019283). Subject traveled directly to 304 Pier Road, Gary, IN (Lakeside Bistro) where a clandestine meeting occurred with Carlos Mendez. Subjects were observed discussing operations related to Meridian Holdings LLC (Shell Entity #8840). Subject Carlos Mendez was seen carrying a sealed package into the facility. --------------------------------------------------------------------------------"
SECTION_238_FD-302_SURVEILLANCE,"FILE REF: 268A-CH-90412 DATE/TIME: 2025-10-10 09:26:00 EST REPORTING AGENT: SA Sarah Jenkins (ID: 4102) PRIMARY SUBJECTS: Carlos Mendez (El Toro), Tariq Mansoor (Ghost) NARRATIVE: On 2025-10-10 09:26:00 EST, surveillance team observed Carlos Mendez operating Black 2021 Ford Explorer (IL Plate: 7XYZ-89). Subject traveled directly to Pier 4, Gary Port Facility, Gary, IN where a clandestine meeting occurred with Tariq Mansoor. Subjects were observed discussing operations related to Horizon Global Transfer (Account HGT-9011). Subject Tariq Mansoor was seen carrying a sealed package into the facility. --------------------------------------------------------------------------------"
SECTION_239_WIRETAP_INTERCEPT,"FILE REF: 268A-CH-90412 DATE/TIME: 2025-10-10 20:48:00 EST REPORTING AGENT: SA Sarah Jenkins (ID: 4102) PRIMARY SUBJECTS: Elena Rostova (The Tsaritsa), Victor Vance (The Tailor) TARGET LINE: +1-312-555-0188 (Elena Rostova) -> +1-312-555-0199 (Victor Vance) TRANSCRIPT:   [2025-10-10 20:48:00 EST] Elena Rostova: 'Did you authorize the release for Pacific Import Export Co. (San Diego, CA)?'   [2025-10-10 20:48:00 EST] Victor Vance: 'It is pending at 412 Oak Street, Paterson, NJ (Safehouse Alpha). We need $50,000 sent to First National Bank Acc #8839-10294-US.'   [2025-10-10 20:48:00 EST] Elena Rostova: 'Make sure The Tailor handles the transport in the White Freightliner Semi-Truck (Lic: TRK-9901).' --------------------------------------------------------------------------------"
SECTION_240_WIRETAP_INTERCEPT,"FILE REF: 268A-CH-90412 DATE/TIME: 2025-10-11 02:52:00 EST REPORTING AGENT: SA Sarah Jenkins (ID: 4102) PRIMARY SUBJECTS: Tariq Mansoor (Ghost), Elena Rostova (The Tsaritsa) TARGET LINE: +1-973-555-0167 (Tariq Mansoor) -> +1-312-555-0188 (Elena Rostova) TRANSCRIPT:   [2025-10-11 02:52:00 EST] Tariq Mansoor: 'Did you authorize the release for Meridian Holdings LLC (Shell Entity #8840)?'   [2025-10-11 02:52:00 EST] Elena Rostova: 'It is pending at 1428 Elmwood Avenue, Chicago, IL (Apex Freight HQ). We need $273,000 sent to Crypto Wallet 0x71C...3A9D (Darknet Link).'   [2025-10-11 02:52:00 EST] Tariq Mansoor: 'Make sure The Tsaritsa handles the transport in the Silver Audi Q7 (VIN: WA1VAAFE4CD019283).' --------------------------------------------------------------------------------"
SECTION_241_WIRETAP_INTERCEPT,"FILE REF: 268A-CH-90412 DATE/TIME: 2025-10-11 11:15:00 EST REPORTING AGENT: SA Sarah Jenkins (ID: 4102) PRIMARY SUBJECTS: Marcus Thorne (Enforcer), Sarah Lin (Accountant) TARGET LINE: +1-202-555-0143 (Marcus Thorne) -> +1-619-555-0122 (Sarah Lin) TRANSCRIPT:   [2025-10-11 11:15:00 EST] Marcus Thorne: 'Did you authorize the release for Pacific Import Export Co. (San Diego, CA)?'   [2025-10-11 11:15:00 EST] Sarah Lin: 'It is pending at Pier 4, Gary Port Facility, Gary, IN. We need $391,000 sent to First National Bank Acc #8839-10294-US.'   [2025-10-11 11:15:00 EST] Marcus Thorne: 'Make sure Accountant handles the transport in the Silver Audi Q7 (VIN: WA1VAAFE4CD019283).' --------------------------------------------------------------------------------"
SECTION_242_FINANCIAL_AUDIT_LOG,"FILE REF: 268A-CH-90412 DATE/TIME: 2025-10-11 19:41:00 EST REPORTING AGENT: SA David Ruiz (ID: 8842) PRIMARY SUBJECTS: Marcus Thorne (Enforcer), Tariq Mansoor (Ghost) TRANSACTION RECORD:   Originator: Marcus Thorne / Pacific Import Export Co. (San Diego, CA)   Destination Account: Crypto Wallet 0x71C...3A9D (Darknet Link)   Amount: $273,000.00 USD   Notes: Suspicious activity flag triggered. Linked to phone +1-202-555-0143 active at 88 Industrial Parkway, Newark, NJ (Warehouse Depot). --------------------------------------------------------------------------------"
SECTION_243_WIRETAP_INTERCEPT,"FILE REF: 268A-CH-90412 DATE/TIME: 2025-10-12 08:39:00 EST REPORTING AGENT: SA David Ruiz (ID: 8842) PRIMARY SUBJECTS: Elena Rostova (The Tsaritsa), Carlos Mendez (El Toro) TARGET LINE: +1-312-555-0188 (Elena Rostova) -> +1-619-555-0199 (Carlos Mendez) TRANSCRIPT:   [2025-10-12 08:39:00 EST] Elena Rostova: 'Did you authorize the release for Pacific Import Export Co. (San Diego, CA)?'   [2025-10-12 08:39:00 EST] Carlos Mendez: 'It is pending at Pier 4, Gary Port Facility, Gary, IN. We need $201,000 sent to Bank of America Acc #5540-1920-3341.'   [2025-10-12 08:39:00 EST] Elena Rostova: 'Make sure El Toro handles the transport in the White Freightliner Semi-Truck (Lic: TRK-9901).' --------------------------------------------------------------------------------"
SECTION_244_FINANCIAL_AUDIT_LOG,"FILE REF: 268A-CH-90412 DATE/TIME: 2025-10-12 20:33:00 EST REPORTING AGENT: SA Sarah Jenkins (ID: 4102) PRIMARY SUBJECTS: Sarah Lin (Accountant), Elena Rostova (The Tsaritsa) TRANSACTION RECORD:   Originator: Sarah Lin / Horizon Global Transfer (Account HGT-9011)   Destination Account: First National Bank Acc #8839-10294-US   Amount: $658,000.00 USD   Notes: Suspicious activity flag triggered. Linked to phone +1-619-555-0122 active at 88 Industrial Parkway, Newark, NJ (Warehouse Depot). --------------------------------------------------------------------------------"
SECTION_245_FD-302_SURVEILLANCE,"FILE REF: 268A-CH-90412 DATE/TIME: 2025-10-13 09:12:00 EST REPORTING AGENT: SA Sarah Jenkins (ID: 4102) PRIMARY SUBJECTS: Sarah Lin (Accountant), Marcus Thorne (Enforcer) NARRATIVE: On 2025-10-13 09:12:00 EST, surveillance team observed Sarah Lin operating Silver Audi Q7 (VIN: WA1VAAFE4CD019283). Subject traveled directly to 88 Industrial Parkway, Newark, NJ (Warehouse Depot) where a clandestine meeting occurred with Marcus Thorne. Subjects were observed discussing operations related to Pacific Import Export Co. (San Diego, CA). Subject Marcus Thorne was seen carrying a sealed package into the facility. --------------------------------------------------------------------------------"
SECTION_246_WIRETAP_INTERCEPT,"FILE REF: 268A-CH-90412 DATE/TIME: 2025-10-13 21:04:00 EST REPORTING AGENT: SA David Ruiz (ID: 8842) PRIMARY SUBJECTS: Sarah Lin (Accountant), Tariq Mansoor (Ghost) TARGET LINE: +1-619-555-0122 (Sarah Lin) -> +1-973-555-0167 (Tariq Mansoor) TRANSCRIPT:   [2025-10-13 21:04:00 EST] Sarah Lin: 'Did you authorize the release for Meridian Holdings LLC (Shell Entity #8840)?'   [2025-10-13 21:04:00 EST] Tariq Mansoor: 'It is pending at Pier 4, Gary Port Facility, Gary, IN. We need $320,000 sent to Crypto Wallet 0x71C...3A9D (Darknet Link).'   [2025-10-13 21:04:00 EST] Sarah Lin: 'Make sure Ghost handles the transport in the Silver Audi Q7 (VIN: WA1VAAFE4CD019283).' --------------------------------------------------------------------------------"
SECTION_247_FINANCIAL_AUDIT_LOG,"FILE REF: 268A-CH-90412 DATE/TIME: 2025-10-14 05:52:00 EST REPORTING AGENT: SA Michael Chang (ID: 9910) PRIMARY SUBJECTS: Sarah Lin (Accountant), Carlos Mendez (El Toro) TRANSACTION RECORD:   Originator: Sarah Lin / Apex Freight Logistics (1428 Elmwood Ave, Chicago IL)   Destination Account: Crypto Wallet 0x71C...3A9D (Darknet Link)   Amount: $798,000.00 USD   Notes: Suspicious activity flag triggered. Linked to phone +1-619-555-0122 active at 412 Oak Street, Paterson, NJ (Safehouse Alpha). --------------------------------------------------------------------------------"
SECTION_248_CDR_CELLULAR_TOWER_LOG,"FILE REF: 268A-CH-90412 DATE/TIME: 2025-10-14 15:07:00 EST REPORTING AGENT: SA Sarah Jenkins (ID: 4102) PRIMARY SUBJECTS: Victor Vance (The Tailor), Sarah Lin (Accountant) CELLULAR INTERCEPT DATA:   Device A: Victor Vance (+1-312-555-0199) | Device B: Sarah Lin (+1-619-555-0122)   Cell Tower Sector: T-902 (88 Industrial Parkway, Newark, NJ (Warehouse Depot))   Event: Call duration 444 seconds. Ping coordinates confirm both subjects in proximity. --------------------------------------------------------------------------------"
SECTION_249_WIRETAP_INTERCEPT,"FILE REF: 268A-CH-90412 DATE/TIME: 2025-10-14 16:45:00 EST REPORTING AGENT: SA Sarah Jenkins (ID: 4102) PRIMARY SUBJECTS: Sarah Lin (Accountant), Tariq Mansoor (Ghost) TARGET LINE: +1-619-555-0122 (Sarah Lin) -> +1-973-555-0167 (Tariq Mansoor) TRANSCRIPT:   [2025-10-14 16:45:00 EST] Sarah Lin: 'Did you authorize the release for Horizon Global Transfer (Account HGT-9011)?'   [2025-10-14 16:45:00 EST] Tariq Mansoor: 'It is pending at 88 Industrial Parkway, Newark, NJ (Warehouse Depot). We need $57,000 sent to First National Bank Acc #8839-10294-US.'   [2025-10-14 16:45:00 EST] Sarah Lin: 'Make sure Ghost handles the transport in the White Freightliner Semi-Truck (Lic: TRK-9901).' --------------------------------------------------------------------------------"
SECTION_250_WIRETAP_INTERCEPT,"FILE REF: 268A-CH-90412 DATE/TIME: 2025-10-14 23:40:00 EST REPORTING AGENT: SA Michael Chang (ID: 9910) PRIMARY SUBJECTS: Tariq Mansoor (Ghost), Marcus Thorne (Enforcer) TARGET LINE: +1-973-555-0167 (Tariq Mansoor) -> +1-202-555-0143 (Marcus Thorne) TRANSCRIPT:   [2025-10-14 23:40:00 EST] Tariq Mansoor: 'Did you authorize the release for Horizon Global Transfer (Account HGT-9011)?'   [2025-10-14 23:40:00 EST] Marcus Thorne: 'It is pending at 1428 Elmwood Avenue, Chicago, IL (Apex Freight HQ). We need $220,000 sent to First National Bank Acc #8839-10294-US.'   [2025-10-14 23:40:00 EST] Tariq Mansoor: 'Make sure Enforcer handles the transport in the White Freightliner Semi-Truck (Lic: TRK-9901).' --------------------------------------------------------------------------------"
SECTION_251_FD-302_SURVEILLANCE,"FILE REF: 268A-CH-90412 DATE/TIME: 2025-10-15 03:48:00 EST REPORTING AGENT: SA David Ruiz (ID: 8842) PRIMARY SUBJECTS: Marcus Thorne (Enforcer), Elena Rostova (The Tsaritsa) NARRATIVE: On 2025-10-15 03:48:00 EST, surveillance team observed Marcus Thorne operating Black 2021 Ford Explorer (IL Plate: 7XYZ-89). Subject traveled directly to 304 Pier Road, Gary, IN (Lakeside Bistro) where a clandestine meeting occurred with Elena Rostova. Subjects were observed discussing operations related to Apex Freight Logistics (1428 Elmwood Ave, Chicago IL). Subject Elena Rostova was seen carrying a sealed package into the facility. --------------------------------------------------------------------------------"
SECTION_252_FD-302_SURVEILLANCE,"FILE REF: 268A-CH-90412 DATE/TIME: 2025-10-15 14:58:00 EST REPORTING AGENT: SA Michael Chang (ID: 9910) PRIMARY SUBJECTS: Tariq Mansoor (Ghost), Sarah Lin (Accountant) NARRATIVE: On 2025-10-15 14:58:00 EST, surveillance team observed Tariq Mansoor operating Silver Audi Q7 (VIN: WA1VAAFE4CD019283). Subject traveled directly to 1428 Elmwood Avenue, Chicago, IL (Apex Freight HQ) where a clandestine meeting occurred with Sarah Lin. Subjects were observed discussing operations related to Pacific Import Export Co. (San Diego, CA). Subject Sarah Lin was seen carrying a sealed package into the facility. --------------------------------------------------------------------------------"
SECTION_253_FD-302_SURVEILLANCE,"FILE REF: 268A-CH-90412 DATE/TIME: 2025-10-15 19:00:00 EST REPORTING AGENT: SA Michael Chang (ID: 9910) PRIMARY SUBJECTS: Elena Rostova (The Tsaritsa), Sarah Lin (Accountant) NARRATIVE: On 2025-10-15 19:00:00 EST, surveillance team observed Elena Rostova operating White Freightliner Semi-Truck (Lic: TRK-9901). Subject traveled directly to Pier 4, Gary Port Facility, Gary, IN where a clandestine meeting occurred with Sarah Lin. Subjects were observed discussing operations related to Pacific Import Export Co. (San Diego, CA). Subject Sarah Lin was seen carrying a sealed package into the facility. --------------------------------------------------------------------------------"
SECTION_254_WIRETAP_INTERCEPT,"FILE REF: 268A-CH-90412 DATE/TIME: 2025-10-15 20:51:00 EST REPORTING AGENT: SA Sarah Jenkins (ID: 4102) PRIMARY SUBJECTS: Victor Vance (The Tailor), Carlos Mendez (El Toro) TARGET LINE: +1-312-555-0199 (Victor Vance) -> +1-619-555-0199 (Carlos Mendez) TRANSCRIPT:   [2025-10-15 20:51:00 EST] Victor Vance: 'Did you authorize the release for Apex Freight Logistics (1428 Elmwood Ave, Chicago IL)?'   [2025-10-15 20:51:00 EST] Carlos Mendez: 'It is pending at 1428 Elmwood Avenue, Chicago, IL (Apex Freight HQ). We need $135,000 sent to First National Bank Acc #8839-10294-US.'   [2025-10-15 20:51:00 EST] Victor Vance: 'Make sure El Toro handles the transport in the Black 2021 Ford Explorer (IL Plate: 7XYZ-89).' --------------------------------------------------------------------------------"
SECTION_255_FD-302_SURVEILLANCE,"FILE REF: 268A-CH-90412 DATE/TIME: 2025-10-16 07:09:00 EST REPORTING AGENT: SA Sarah Jenkins (ID: 4102) PRIMARY SUBJECTS: Marcus Thorne (Enforcer), Carlos Mendez (El Toro) NARRATIVE: On 2025-10-16 07:09:00 EST, surveillance team observed Marcus Thorne operating Silver Audi Q7 (VIN: WA1VAAFE4CD019283). Subject traveled directly to Pier 4, Gary Port Facility, Gary, IN where a clandestine meeting occurred with Carlos Mendez. Subjects were observed discussing operations related to Pacific Import Export Co. (San Diego, CA). Subject Carlos Mendez was seen carrying a sealed package into the facility. --------------------------------------------------------------------------------"
SECTION_256_FINANCIAL_AUDIT_LOG,"FILE REF: 268A-CH-90412 DATE/TIME: 2025-10-16 12:32:00 EST REPORTING AGENT: SA Michael Chang (ID: 9910) PRIMARY SUBJECTS: Carlos Mendez (El Toro), Elena Rostova (The Tsaritsa) TRANSACTION RECORD:   Originator: Carlos Mendez / Horizon Global Transfer (Account HGT-9011)   Destination Account: Bank of America Acc #5540-1920-3341   Amount: $382,000.00 USD   Notes: Suspicious activity flag triggered. Linked to phone +1-619-555-0199 active at 1428 Elmwood Avenue, Chicago, IL (Apex Freight HQ). --------------------------------------------------------------------------------"
SECTION_257_WIRETAP_INTERCEPT,"FILE REF: 268A-CH-90412 DATE/TIME: 2025-10-16 21:04:00 EST REPORTING AGENT: SA Michael Chang (ID: 9910) PRIMARY SUBJECTS: Sarah Lin (Accountant), Elena Rostova (The Tsaritsa) TARGET LINE: +1-619-555-0122 (Sarah Lin) -> +1-312-555-0188 (Elena Rostova) TRANSCRIPT:   [2025-10-16 21:04:00 EST] Sarah Lin: 'Did you authorize the release for Meridian Holdings LLC (Shell Entity #8840)?'   [2025-10-16 21:04:00 EST] Elena Rostova: 'It is pending at Pier 4, Gary Port Facility, Gary, IN. We need $402,000 sent to First National Bank Acc #8839-10294-US.'   [2025-10-16 21:04:00 EST] Sarah Lin: 'Make sure The Tsaritsa handles the transport in the White Freightliner Semi-Truck (Lic: TRK-9901).' --------------------------------------------------------------------------------"
SECTION_258_FINANCIAL_AUDIT_LOG,"FILE REF: 268A-CH-90412 DATE/TIME: 2025-10-17 02:23:00 EST REPORTING AGENT: SA David Ruiz (ID: 8842) PRIMARY SUBJECTS: Sarah Lin (Accountant), Carlos Mendez (El Toro) TRANSACTION RECORD:   Originator: Sarah Lin / Meridian Holdings LLC (Shell Entity #8840)   Destination Account: Bank of America Acc #5540-1920-3341   Amount: $102,000.00 USD   Notes: Suspicious activity flag triggered. Linked to phone +1-619-555-0122 active at 304 Pier Road, Gary, IN (Lakeside Bistro). --------------------------------------------------------------------------------"
SECTION_259_FD-302_SURVEILLANCE,"FILE REF: 268A-CH-90412 DATE/TIME: 2025-10-17 12:42:00 EST REPORTING AGENT: SA Sarah Jenkins (ID: 4102) PRIMARY SUBJECTS: Elena Rostova (The Tsaritsa), Carlos Mendez (El Toro) NARRATIVE: On 2025-10-17 12:42:00 EST, surveillance team observed Elena Rostova operating Silver Audi Q7 (VIN: WA1VAAFE4CD019283). Subject traveled directly to 1428 Elmwood Avenue, Chicago, IL (Apex Freight HQ) where a clandestine meeting occurred with Carlos Mendez. Subjects were observed discussing operations related to Horizon Global Transfer (Account HGT-9011). Subject Carlos Mendez was seen carrying a sealed package into the facility. --------------------------------------------------------------------------------"
SECTION_260_CDR_CELLULAR_TOWER_LOG,"FILE REF: 268A-CH-90412 DATE/TIME: 2025-10-17 17:47:00 EST REPORTING AGENT: SA David Ruiz (ID: 8842) PRIMARY SUBJECTS: Marcus Thorne (Enforcer), Carlos Mendez (El Toro) CELLULAR INTERCEPT DATA:   Device A: Marcus Thorne (+1-202-555-0143) | Device B: Carlos Mendez (+1-619-555-0199)   Cell Tower Sector: T-902 (88 Industrial Parkway, Newark, NJ (Warehouse Depot))   Event: Call duration 331 seconds. Ping coordinates confirm both subjects in proximity. --------------------------------------------------------------------------------"
SECTION_261_CDR_CELLULAR_TOWER_LOG,"FILE REF: 268A-CH-90412 DATE/TIME: 2025-10-17 19:47:00 EST REPORTING AGENT: SA Sarah Jenkins (ID: 4102) PRIMARY SUBJECTS: Sarah Lin (Accountant), Marcus Thorne (Enforcer) CELLULAR INTERCEPT DATA:   Device A: Sarah Lin (+1-619-555-0122) | Device B: Marcus Thorne (+1-202-555-0143)   Cell Tower Sector: T-902 (304 Pier Road, Gary, IN (Lakeside Bistro))   Event: Call duration 157 seconds. Ping coordinates confirm both subjects in proximity. --------------------------------------------------------------------------------"
SECTION_262_FINANCIAL_AUDIT_LOG,"FILE REF: 268A-CH-90412 DATE/TIME: 2025-10-17 22:50:00 EST REPORTING AGENT: SA Sarah Jenkins (ID: 4102) PRIMARY SUBJECTS: Elena Rostova (The Tsaritsa), Carlos Mendez (El Toro) TRANSACTION RECORD:   Originator: Elena Rostova / Meridian Holdings LLC (Shell Entity #8840)   Destination Account: Crypto Wallet 0x71C...3A9D (Darknet Link)   Amount: $195,000.00 USD   Notes: Suspicious activity flag triggered. Linked to phone +1-312-555-0188 active at 412 Oak Street, Paterson, NJ (Safehouse Alpha). --------------------------------------------------------------------------------"
SECTION_263_WIRETAP_INTERCEPT,"FILE REF: 268A-CH-90412 DATE/TIME: 2025-10-18 08:39:00 EST REPORTING AGENT: SA Sarah Jenkins (ID: 4102) PRIMARY SUBJECTS: Sarah Lin (Accountant), Marcus Thorne (Enforcer) TARGET LINE: +1-619-555-0122 (Sarah Lin) -> +1-202-555-0143 (Marcus Thorne) TRANSCRIPT:   [2025-10-18 08:39:00 EST] Sarah Lin: 'Did you authorize the release for Apex Freight Logistics (1428 Elmwood Ave, Chicago IL)?'   [2025-10-18 08:39:00 EST] Marcus Thorne: 'It is pending at 88 Industrial Parkway, Newark, NJ (Warehouse Depot). We need $200,000 sent to Bank of America Acc #5540-1920-3341.'   [2025-10-18 08:39:00 EST] Sarah Lin: 'Make sure Enforcer handles the transport in the White Freightliner Semi-Truck (Lic: TRK-9901).' --------------------------------------------------------------------------------"
SECTION_264_FINANCIAL_AUDIT_LOG,"FILE REF: 268A-CH-90412 DATE/TIME: 2025-10-18 14:22:00 EST REPORTING AGENT: SA Michael Chang (ID: 9910) PRIMARY SUBJECTS: Victor Vance (The Tailor), Sarah Lin (Accountant) TRANSACTION RECORD:   Originator: Victor Vance / Meridian Holdings LLC (Shell Entity #8840)   Destination Account: Bank of America Acc #5540-1920-3341   Amount: $65,000.00 USD   Notes: Suspicious activity flag triggered. Linked to phone +1-312-555-0199 active at 412 Oak Street, Paterson, NJ (Safehouse Alpha). --------------------------------------------------------------------------------"
SECTION_265_FINANCIAL_AUDIT_LOG,"FILE REF: 268A-CH-90412 DATE/TIME: 2025-10-18 22:13:00 EST REPORTING AGENT: SA David Ruiz (ID: 8842) PRIMARY SUBJECTS: Sarah Lin (Accountant), Victor Vance (The Tailor) TRANSACTION RECORD:   Originator: Sarah Lin / Meridian Holdings LLC (Shell Entity #8840)   Destination Account: First National Bank Acc #8839-10294-US   Amount: $94,000.00 USD   Notes: Suspicious activity flag triggered. Linked to phone +1-619-555-0122 active at Pier 4, Gary Port Facility, Gary, IN. --------------------------------------------------------------------------------"
SECTION_266_WIRETAP_INTERCEPT,"FILE REF: 268A-CH-90412 DATE/TIME: 2025-10-19 03:12:00 EST REPORTING AGENT: SA Michael Chang (ID: 9910) PRIMARY SUBJECTS: Tariq Mansoor (Ghost), Elena Rostova (The Tsaritsa) TARGET LINE: +1-973-555-0167 (Tariq Mansoor) -> +1-312-555-0188 (Elena Rostova) TRANSCRIPT:   [2025-10-19 03:12:00 EST] Tariq Mansoor: 'Did you authorize the release for Apex Freight Logistics (1428 Elmwood Ave, Chicago IL)?'   [2025-10-19 03:12:00 EST] Elena Rostova: 'It is pending at 88 Industrial Parkway, Newark, NJ (Warehouse Depot). We need $279,000 sent to Bank of America Acc #5540-1920-3341.'   [2025-10-19 03:12:00 EST] Tariq Mansoor: 'Make sure The Tsaritsa handles the transport in the White Freightliner Semi-Truck (Lic: TRK-9901).' --------------------------------------------------------------------------------"
SECTION_267_WIRETAP_INTERCEPT,"FILE REF: 268A-CH-90412 DATE/TIME: 2025-10-19 07:27:00 EST REPORTING AGENT: SA Michael Chang (ID: 9910) PRIMARY SUBJECTS: Victor Vance (The Tailor), Tariq Mansoor (Ghost) TARGET LINE: +1-312-555-0199 (Victor Vance) -> +1-973-555-0167 (Tariq Mansoor) TRANSCRIPT:   [2025-10-19 07:27:00 EST] Victor Vance: 'Did you authorize the release for Apex Freight Logistics (1428 Elmwood Ave, Chicago IL)?'   [2025-10-19 07:27:00 EST] Tariq Mansoor: 'It is pending at Pier 4, Gary Port Facility, Gary, IN. We need $382,000 sent to First National Bank Acc #8839-10294-US.'   [2025-10-19 07:27:00 EST] Victor Vance: 'Make sure Ghost handles the transport in the Black 2021 Ford Explorer (IL Plate: 7XYZ-89).' --------------------------------------------------------------------------------"
SECTION_268_WIRETAP_INTERCEPT,"FILE REF: 268A-CH-90412 DATE/TIME: 2025-10-19 14:33:00 EST REPORTING AGENT: SA Sarah Jenkins (ID: 4102) PRIMARY SUBJECTS: Victor Vance (The Tailor), Marcus Thorne (Enforcer) TARGET LINE: +1-312-555-0199 (Victor Vance) -> +1-202-555-0143 (Marcus Thorne) TRANSCRIPT:   [2025-10-19 14:33:00 EST] Victor Vance: 'Did you authorize the release for Meridian Holdings LLC (Shell Entity #8840)?'   [2025-10-19 14:33:00 EST] Marcus Thorne: 'It is pending at 412 Oak Street, Paterson, NJ (Safehouse Alpha). We need $358,000 sent to Crypto Wallet 0x71C...3A9D (Darknet Link).'   [2025-10-19 14:33:00 EST] Victor Vance: 'Make sure Enforcer handles the transport in the Black 2021 Ford Explorer (IL Plate: 7XYZ-89).' --------------------------------------------------------------------------------"
SECTION_269_FINANCIAL_AUDIT_LOG,"FILE REF: 268A-CH-90412 DATE/TIME: 2025-10-19 18:07:00 EST REPORTING AGENT: SA Sarah Jenkins (ID: 4102) PRIMARY SUBJECTS: Victor Vance (The Tailor), Elena Rostova (The Tsaritsa) TRANSACTION RECORD:   Originator: Victor Vance / Meridian Holdings LLC (Shell Entity #8840)   Destination Account: First National Bank Acc #8839-10294-US   Amount: $252,000.00 USD   Notes: Suspicious activity flag triggered. Linked to phone +1-312-555-0199 active at Pier 4, Gary Port Facility, Gary, IN. --------------------------------------------------------------------------------"
SECTION_270_CDR_CELLULAR_TOWER_LOG,"FILE REF: 268A-CH-90412 DATE/TIME: 2025-10-20 00:12:00 EST REPORTING AGENT: SA Sarah Jenkins (ID: 4102) PRIMARY SUBJECTS: Tariq Mansoor (Ghost), Elena Rostova (The Tsaritsa) CELLULAR INTERCEPT DATA:   Device A: Tariq Mansoor (+1-973-555-0167) | Device B: Elena Rostova (+1-312-555-0188)   Cell Tower Sector: T-902 (1428 Elmwood Avenue, Chicago, IL (Apex Freight HQ))   Event: Call duration 301 seconds. Ping coordinates confirm both subjects in proximity. --------------------------------------------------------------------------------"
SECTION_271_FD-302_SURVEILLANCE,"FILE REF: 268A-CH-90412 DATE/TIME: 2025-10-20 03:04:00 EST REPORTING AGENT: SA Sarah Jenkins (ID: 4102) PRIMARY SUBJECTS: Elena Rostova (The Tsaritsa), Carlos Mendez (El Toro) NARRATIVE: On 2025-10-20 03:04:00 EST, surveillance team observed Elena Rostova operating Silver Audi Q7 (VIN: WA1VAAFE4CD019283). Subject traveled directly to 88 Industrial Parkway, Newark, NJ (Warehouse Depot) where a clandestine meeting occurred with Carlos Mendez. Subjects were observed discussing operations related to Horizon Global Transfer (Account HGT-9011). Subject Carlos Mendez was seen carrying a sealed package into the facility. --------------------------------------------------------------------------------"
SECTION_272_CDR_CELLULAR_TOWER_LOG,"FILE REF: 268A-CH-90412 DATE/TIME: 2025-10-20 05:58:00 EST REPORTING AGENT: SA Michael Chang (ID: 9910) PRIMARY SUBJECTS: Carlos Mendez (El Toro), Victor Vance (The Tailor) CELLULAR INTERCEPT DATA:   Device A: Carlos Mendez (+1-619-555-0199) | Device B: Victor Vance (+1-312-555-0199)   Cell Tower Sector: T-902 (412 Oak Street, Paterson, NJ (Safehouse Alpha))   Event: Call duration 429 seconds. Ping coordinates confirm both subjects in proximity. --------------------------------------------------------------------------------"
SECTION_273_FINANCIAL_AUDIT_LOG,"FILE REF: 268A-CH-90412 DATE/TIME: 2025-10-20 09:01:00 EST REPORTING AGENT: SA David Ruiz (ID: 8842) PRIMARY SUBJECTS: Carlos Mendez (El Toro), Tariq Mansoor (Ghost) TRANSACTION RECORD:   Originator: Carlos Mendez / Meridian Holdings LLC (Shell Entity #8840)   Destination Account: Bank of America Acc #5540-1920-3341   Amount: $82,000.00 USD   Notes: Suspicious activity flag triggered. Linked to phone +1-619-555-0199 active at 412 Oak Street, Paterson, NJ (Safehouse Alpha). --------------------------------------------------------------------------------"
SECTION_274_CDR_CELLULAR_TOWER_LOG,"FILE REF: 268A-CH-90412 DATE/TIME: 2025-10-20 19:46:00 EST REPORTING AGENT: SA Sarah Jenkins (ID: 4102) PRIMARY SUBJECTS: Tariq Mansoor (Ghost), Elena Rostova (The Tsaritsa) CELLULAR INTERCEPT DATA:   Device A: Tariq Mansoor (+1-973-555-0167) | Device B: Elena Rostova (+1-312-555-0188)   Cell Tower Sector: T-902 (412 Oak Street, Paterson, NJ (Safehouse Alpha))   Event: Call duration 223 seconds. Ping coordinates confirm both subjects in proximity. --------------------------------------------------------------------------------"
SECTION_275_FINANCIAL_AUDIT_LOG,"FILE REF: 268A-CH-90412 DATE/TIME: 2025-10-20 20:48:00 EST REPORTING AGENT: SA David Ruiz (ID: 8842) PRIMARY SUBJECTS: Elena Rostova (The Tsaritsa), Sarah Lin (Accountant) TRANSACTION RECORD:   Originator: Elena Rostova / Apex Freight Logistics (1428 Elmwood Ave, Chicago IL)   Destination Account: Crypto Wallet 0x71C...3A9D (Darknet Link)   Amount: $593,000.00 USD   Notes: Suspicious activity flag triggered. Linked to phone +1-312-555-0188 active at 88 Industrial Parkway, Newark, NJ (Warehouse Depot). --------------------------------------------------------------------------------"
SECTION_276_FD-302_SURVEILLANCE,"FILE REF: 268A-CH-90412 DATE/TIME: 2025-10-21 06:57:00 EST REPORTING AGENT: SA Sarah Jenkins (ID: 4102) PRIMARY SUBJECTS: Tariq Mansoor (Ghost), Marcus Thorne (Enforcer) NARRATIVE: On 2025-10-21 06:57:00 EST, surveillance team observed Tariq Mansoor operating Silver Audi Q7 (VIN: WA1VAAFE4CD019283). Subject traveled directly to Pier 4, Gary Port Facility, Gary, IN where a clandestine meeting occurred with Marcus Thorne. Subjects were observed discussing operations related to Horizon Global Transfer (Account HGT-9011). Subject Marcus Thorne was seen carrying a sealed package into the facility. --------------------------------------------------------------------------------"
SECTION_277_FD-302_SURVEILLANCE,"FILE REF: 268A-CH-90412 DATE/TIME: 2025-10-21 09:16:00 EST REPORTING AGENT: SA Sarah Jenkins (ID: 4102) PRIMARY SUBJECTS: Victor Vance (The Tailor), Elena Rostova (The Tsaritsa) NARRATIVE: On 2025-10-21 09:16:00 EST, surveillance team observed Victor Vance operating Black 2021 Ford Explorer (IL Plate: 7XYZ-89). Subject traveled directly to 412 Oak Street, Paterson, NJ (Safehouse Alpha) where a clandestine meeting occurred with Elena Rostova. Subjects were observed discussing operations related to Meridian Holdings LLC (Shell Entity #8840). Subject Elena Rostova was seen carrying a sealed package into the facility. --------------------------------------------------------------------------------"
SECTION_278_CDR_CELLULAR_TOWER_LOG,"FILE REF: 268A-CH-90412 DATE/TIME: 2025-10-21 15:39:00 EST REPORTING AGENT: SA Sarah Jenkins (ID: 4102) PRIMARY SUBJECTS: Tariq Mansoor (Ghost), Marcus Thorne (Enforcer) CELLULAR INTERCEPT DATA:   Device A: Tariq Mansoor (+1-973-555-0167) | Device B: Marcus Thorne (+1-202-555-0143)   Cell Tower Sector: T-902 (Pier 4, Gary Port Facility, Gary, IN)   Event: Call duration 145 seconds. Ping coordinates confirm both subjects in proximity. --------------------------------------------------------------------------------"
SECTION_279_CDR_CELLULAR_TOWER_LOG,"FILE REF: 268A-CH-90412 DATE/TIME: 2025-10-22 01:27:00 EST REPORTING AGENT: SA Michael Chang (ID: 9910) PRIMARY SUBJECTS: Victor Vance (The Tailor), Carlos Mendez (El Toro) CELLULAR INTERCEPT DATA:   Device A: Victor Vance (+1-312-555-0199) | Device B: Carlos Mendez (+1-619-555-0199)   Cell Tower Sector: T-902 (1428 Elmwood Avenue, Chicago, IL (Apex Freight HQ))   Event: Call duration 318 seconds. Ping coordinates confirm both subjects in proximity. --------------------------------------------------------------------------------"
SECTION_280_FD-302_SURVEILLANCE,"FILE REF: 268A-CH-90412 DATE/TIME: 2025-10-22 10:26:00 EST REPORTING AGENT: SA David Ruiz (ID: 8842) PRIMARY SUBJECTS: Tariq Mansoor (Ghost), Sarah Lin (Accountant) NARRATIVE: On 2025-10-22 10:26:00 EST, surveillance team observed Tariq Mansoor operating Silver Audi Q7 (VIN: WA1VAAFE4CD019283). Subject traveled directly to 412 Oak Street, Paterson, NJ (Safehouse Alpha) where a clandestine meeting occurred with Sarah Lin. Subjects were observed discussing operations related to Meridian Holdings LLC (Shell Entity #8840). Subject Sarah Lin was seen carrying a sealed package into the facility. --------------------------------------------------------------------------------"
SECTION_281_CDR_CELLULAR_TOWER_LOG,"FILE REF: 268A-CH-90412 DATE/TIME: 2025-10-22 23:24:00 EST REPORTING AGENT: SA David Ruiz (ID: 8842) PRIMARY SUBJECTS: Elena Rostova (The Tsaritsa), Marcus Thorne (Enforcer) CELLULAR INTERCEPT DATA:   Device A: Elena Rostova (+1-312-555-0188) | Device B: Marcus Thorne (+1-202-555-0143)   Cell Tower Sector: T-902 (304 Pier Road, Gary, IN (Lakeside Bistro))   Event: Call duration 237 seconds. Ping coordinates confirm both subjects in proximity. --------------------------------------------------------------------------------"
SECTION_282_CDR_CELLULAR_TOWER_LOG,"FILE REF: 268A-CH-90412 DATE/TIME: 2025-10-23 10:36:00 EST REPORTING AGENT: SA Sarah Jenkins (ID: 4102) PRIMARY SUBJECTS: Victor Vance (The Tailor), Tariq Mansoor (Ghost) CELLULAR INTERCEPT DATA:   Device A: Victor Vance (+1-312-555-0199) | Device B: Tariq Mansoor (+1-973-555-0167)   Cell Tower Sector: T-902 (304 Pier Road, Gary, IN (Lakeside Bistro))   Event: Call duration 284 seconds. Ping coordinates confirm both subjects in proximity. --------------------------------------------------------------------------------"
SECTION_283_WIRETAP_INTERCEPT,"FILE REF: 268A-CH-90412 DATE/TIME: 2025-10-23 22:35:00 EST REPORTING AGENT: SA David Ruiz (ID: 8842) PRIMARY SUBJECTS: Sarah Lin (Accountant), Elena Rostova (The Tsaritsa) TARGET LINE: +1-619-555-0122 (Sarah Lin) -> +1-312-555-0188 (Elena Rostova) TRANSCRIPT:   [2025-10-23 22:35:00 EST] Sarah Lin: 'Did you authorize the release for Horizon Global Transfer (Account HGT-9011)?'   [2025-10-23 22:35:00 EST] Elena Rostova: 'It is pending at 412 Oak Street, Paterson, NJ (Safehouse Alpha). We need $374,000 sent to Bank of America Acc #5540-1920-3341.'   [2025-10-23 22:35:00 EST] Sarah Lin: 'Make sure The Tsaritsa handles the transport in the Silver Audi Q7 (VIN: WA1VAAFE4CD019283).' --------------------------------------------------------------------------------"
SECTION_284_CDR_CELLULAR_TOWER_LOG,"FILE REF: 268A-CH-90412 DATE/TIME: 2025-10-24 03:30:00 EST REPORTING AGENT: SA Michael Chang (ID: 9910) PRIMARY SUBJECTS: Sarah Lin (Accountant), Victor Vance (The Tailor) CELLULAR INTERCEPT DATA:   Device A: Sarah Lin (+1-619-555-0122) | Device B: Victor Vance (+1-312-555-0199)   Cell Tower Sector: T-902 (Pier 4, Gary Port Facility, Gary, IN)   Event: Call duration 271 seconds. Ping coordinates confirm both subjects in proximity. --------------------------------------------------------------------------------"
SECTION_285_FINANCIAL_AUDIT_LOG,"FILE REF: 268A-CH-90412 DATE/TIME: 2025-10-24 04:53:00 EST REPORTING AGENT: SA Michael Chang (ID: 9910) PRIMARY SUBJECTS: Sarah Lin (Accountant), Victor Vance (The Tailor) TRANSACTION RECORD:   Originator: Sarah Lin / Horizon Global Transfer (Account HGT-9011)   Destination Account: Bank of America Acc #5540-1920-3341   Amount: $32,000.00 USD   Notes: Suspicious activity flag triggered. Linked to phone +1-619-555-0122 active at 1428 Elmwood Avenue, Chicago, IL (Apex Freight HQ). --------------------------------------------------------------------------------"
SECTION_286_WIRETAP_INTERCEPT,"FILE REF: 268A-CH-90412 DATE/TIME: 2025-10-24 08:14:00 EST REPORTING AGENT: SA Sarah Jenkins (ID: 4102) PRIMARY SUBJECTS: Tariq Mansoor (Ghost), Carlos Mendez (El Toro) TARGET LINE: +1-973-555-0167 (Tariq Mansoor) -> +1-619-555-0199 (Carlos Mendez) TRANSCRIPT:   [2025-10-24 08:14:00 EST] Tariq Mansoor: 'Did you authorize the release for Horizon Global Transfer (Account HGT-9011)?'   [2025-10-24 08:14:00 EST] Carlos Mendez: 'It is pending at Pier 4, Gary Port Facility, Gary, IN. We need $259,000 sent to Crypto Wallet 0x71C...3A9D (Darknet Link).'   [2025-10-24 08:14:00 EST] Tariq Mansoor: 'Make sure El Toro handles the transport in the White Freightliner Semi-Truck (Lic: TRK-9901).' --------------------------------------------------------------------------------"
SECTION_287_CDR_CELLULAR_TOWER_LOG,"FILE REF: 268A-CH-90412 DATE/TIME: 2025-10-24 17:05:00 EST REPORTING AGENT: SA David Ruiz (ID: 8842) PRIMARY SUBJECTS: Sarah Lin (Accountant), Victor Vance (The Tailor) CELLULAR INTERCEPT DATA:   Device A: Sarah Lin (+1-619-555-0122) | Device B: Victor Vance (+1-312-555-0199)   Cell Tower Sector: T-902 (1428 Elmwood Avenue, Chicago, IL (Apex Freight HQ))   Event: Call duration 347 seconds. Ping coordinates confirm both subjects in proximity. --------------------------------------------------------------------------------"
SECTION_288_WIRETAP_INTERCEPT,"FILE REF: 268A-CH-90412 DATE/TIME: 2025-10-24 20:40:00 EST REPORTING AGENT: SA Sarah Jenkins (ID: 4102) PRIMARY SUBJECTS: Sarah Lin (Accountant), Elena Rostova (The Tsaritsa) TARGET LINE: +1-619-555-0122 (Sarah Lin) -> +1-312-555-0188 (Elena Rostova) TRANSCRIPT:   [2025-10-24 20:40:00 EST] Sarah Lin: 'Did you authorize the release for Meridian Holdings LLC (Shell Entity #8840)?'   [2025-10-24 20:40:00 EST] Elena Rostova: 'It is pending at 1428 Elmwood Avenue, Chicago, IL (Apex Freight HQ). We need $310,000 sent to First National Bank Acc #8839-10294-US.'   [2025-10-24 20:40:00 EST] Sarah Lin: 'Make sure The Tsaritsa handles the transport in the Silver Audi Q7 (VIN: WA1VAAFE4CD019283).' --------------------------------------------------------------------------------"
SECTION_289_WIRETAP_INTERCEPT,"FILE REF: 268A-CH-90412 DATE/TIME: 2025-10-25 06:04:00 EST REPORTING AGENT: SA Michael Chang (ID: 9910) PRIMARY SUBJECTS: Elena Rostova (The Tsaritsa), Victor Vance (The Tailor) TARGET LINE: +1-312-555-0188 (Elena Rostova) -> +1-312-555-0199 (Victor Vance) TRANSCRIPT:   [2025-10-25 06:04:00 EST] Elena Rostova: 'Did you authorize the release for Meridian Holdings LLC (Shell Entity #8840)?'   [2025-10-25 06:04:00 EST] Victor Vance: 'It is pending at 88 Industrial Parkway, Newark, NJ (Warehouse Depot). We need $453,000 sent to First National Bank Acc #8839-10294-US.'   [2025-10-25 06:04:00 EST] Elena Rostova: 'Make sure The Tailor handles the transport in the Silver Audi Q7 (VIN: WA1VAAFE4CD019283).' --------------------------------------------------------------------------------"
SECTION_290_WIRETAP_INTERCEPT,"FILE REF: 268A-CH-90412 DATE/TIME: 2025-10-25 09:03:00 EST REPORTING AGENT: SA Sarah Jenkins (ID: 4102) PRIMARY SUBJECTS: Carlos Mendez (El Toro), Sarah Lin (Accountant) TARGET LINE: +1-619-555-0199 (Carlos Mendez) -> +1-619-555-0122 (Sarah Lin) TRANSCRIPT:   [2025-10-25 09:03:00 EST] Carlos Mendez: 'Did you authorize the release for Horizon Global Transfer (Account HGT-9011)?'   [2025-10-25 09:03:00 EST] Sarah Lin: 'It is pending at 88 Industrial Parkway, Newark, NJ (Warehouse Depot). We need $357,000 sent to Bank of America Acc #5540-1920-3341.'   [2025-10-25 09:03:00 EST] Carlos Mendez: 'Make sure Accountant handles the transport in the Black 2021 Ford Explorer (IL Plate: 7XYZ-89).' --------------------------------------------------------------------------------"
SECTION_291_CDR_CELLULAR_TOWER_LOG,"FILE REF: 268A-CH-90412 DATE/TIME: 2025-10-25 14:47:00 EST REPORTING AGENT: SA Michael Chang (ID: 9910) PRIMARY SUBJECTS: Sarah Lin (Accountant), Marcus Thorne (Enforcer) CELLULAR INTERCEPT DATA:   Device A: Sarah Lin (+1-619-555-0122) | Device B: Marcus Thorne (+1-202-555-0143)   Cell Tower Sector: T-902 (412 Oak Street, Paterson, NJ (Safehouse Alpha))   Event: Call duration 58 seconds. Ping coordinates confirm both subjects in proximity. --------------------------------------------------------------------------------"
SECTION_292_CDR_CELLULAR_TOWER_LOG,"FILE REF: 268A-CH-90412 DATE/TIME: 2025-10-26 03:34:00 EST REPORTING AGENT: SA Sarah Jenkins (ID: 4102) PRIMARY SUBJECTS: Victor Vance (The Tailor), Tariq Mansoor (Ghost) CELLULAR INTERCEPT DATA:   Device A: Victor Vance (+1-312-555-0199) | Device B: Tariq Mansoor (+1-973-555-0167)   Cell Tower Sector: T-902 (304 Pier Road, Gary, IN (Lakeside Bistro))   Event: Call duration 295 seconds. Ping coordinates confirm both subjects in proximity. --------------------------------------------------------------------------------"
SECTION_293_CDR_CELLULAR_TOWER_LOG,"FILE REF: 268A-CH-90412 DATE/TIME: 2025-10-26 07:45:00 EST REPORTING AGENT: SA Michael Chang (ID: 9910) PRIMARY SUBJECTS: Sarah Lin (Accountant), Victor Vance (The Tailor) CELLULAR INTERCEPT DATA:   Device A: Sarah Lin (+1-619-555-0122) | Device B: Victor Vance (+1-312-555-0199)   Cell Tower Sector: T-902 (412 Oak Street, Paterson, NJ (Safehouse Alpha))   Event: Call duration 61 seconds. Ping coordinates confirm both subjects in proximity. --------------------------------------------------------------------------------"
SECTION_294_CDR_CELLULAR_TOWER_LOG,"FILE REF: 268A-CH-90412 DATE/TIME: 2025-10-26 16:07:00 EST REPORTING AGENT: SA Sarah Jenkins (ID: 4102) PRIMARY SUBJECTS: Tariq Mansoor (Ghost), Sarah Lin (Accountant) CELLULAR INTERCEPT DATA:   Device A: Tariq Mansoor (+1-973-555-0167) | Device B: Sarah Lin (+1-619-555-0122)   Cell Tower Sector: T-902 (88 Industrial Parkway, Newark, NJ (Warehouse Depot))   Event: Call duration 311 seconds. Ping coordinates confirm both subjects in proximity. --------------------------------------------------------------------------------"
SECTION_295_FINANCIAL_AUDIT_LOG,"FILE REF: 268A-CH-90412 DATE/TIME: 2025-10-27 04:25:00 EST REPORTING AGENT: SA David Ruiz (ID: 8842) PRIMARY SUBJECTS: Tariq Mansoor (Ghost), Elena Rostova (The Tsaritsa) TRANSACTION RECORD:   Originator: Tariq Mansoor / Apex Freight Logistics (1428 Elmwood Ave, Chicago IL)   Destination Account: Bank of America Acc #5540-1920-3341   Amount: $522,000.00 USD   Notes: Suspicious activity flag triggered. Linked to phone +1-973-555-0167 active at Pier 4, Gary Port Facility, Gary, IN. --------------------------------------------------------------------------------"
SECTION_296_CDR_CELLULAR_TOWER_LOG,"FILE REF: 268A-CH-90412 DATE/TIME: 2025-10-27 16:37:00 EST REPORTING AGENT: SA David Ruiz (ID: 8842) PRIMARY SUBJECTS: Victor Vance (The Tailor), Marcus Thorne (Enforcer) CELLULAR INTERCEPT DATA:   Device A: Victor Vance (+1-312-555-0199) | Device B: Marcus Thorne (+1-202-555-0143)   Cell Tower Sector: T-902 (1428 Elmwood Avenue, Chicago, IL (Apex Freight HQ))   Event: Call duration 71 seconds. Ping coordinates confirm both subjects in proximity. --------------------------------------------------------------------------------"
SECTION_297_FINANCIAL_AUDIT_LOG,"FILE REF: 268A-CH-90412 DATE/TIME: 2025-10-28 00:03:00 EST REPORTING AGENT: SA David Ruiz (ID: 8842) PRIMARY SUBJECTS: Sarah Lin (Accountant), Elena Rostova (The Tsaritsa) TRANSACTION RECORD:   Originator: Sarah Lin / Apex Freight Logistics (1428 Elmwood Ave, Chicago IL)   Destination Account: Crypto Wallet 0x71C...3A9D (Darknet Link)   Amount: $69,000.00 USD   Notes: Suspicious activity flag triggered. Linked to phone +1-619-555-0122 active at 1428 Elmwood Avenue, Chicago, IL (Apex Freight HQ). --------------------------------------------------------------------------------"
SECTION_298_FINANCIAL_AUDIT_LOG,"FILE REF: 268A-CH-90412 DATE/TIME: 2025-10-28 11:35:00 EST REPORTING AGENT: SA Michael Chang (ID: 9910) PRIMARY SUBJECTS: Tariq Mansoor (Ghost), Victor Vance (The Tailor) TRANSACTION RECORD:   Originator: Tariq Mansoor / Apex Freight Logistics (1428 Elmwood Ave, Chicago IL)   Destination Account: First National Bank Acc #8839-10294-US   Amount: $665,000.00 USD   Notes: Suspicious activity flag triggered. Linked to phone +1-973-555-0167 active at Pier 4, Gary Port Facility, Gary, IN. --------------------------------------------------------------------------------"
SECTION_299_FINANCIAL_AUDIT_LOG,"FILE REF: 268A-CH-90412 DATE/TIME: 2025-10-28 23:41:00 EST REPORTING AGENT: SA Sarah Jenkins (ID: 4102) PRIMARY SUBJECTS: Tariq Mansoor (Ghost), Carlos Mendez (El Toro) TRANSACTION RECORD:   Originator: Tariq Mansoor / Horizon Global Transfer (Account HGT-9011)   Destination Account: First National Bank Acc #8839-10294-US   Amount: $234,000.00 USD   Notes: Suspicious activity flag triggered. Linked to phone +1-973-555-0167 active at 304 Pier Road, Gary, IN (Lakeside Bistro). --------------------------------------------------------------------------------"
SECTION_300_CDR_CELLULAR_TOWER_LOG,"FILE REF: 268A-CH-90412 DATE/TIME: 2025-10-29 10:28:00 EST REPORTING AGENT: SA David Ruiz (ID: 8842) PRIMARY SUBJECTS: Sarah Lin (Accountant), Carlos Mendez (El Toro) CELLULAR INTERCEPT DATA:   Device A: Sarah Lin (+1-619-555-0122) | Device B: Carlos Mendez (+1-619-555-0199)   Cell Tower Sector: T-902 (412 Oak Street, Paterson, NJ (Safehouse Alpha))   Event: Call duration 244 seconds. Ping coordinates confirm both subjects in proximity. --------------------------------------------------------------------------------"
SECTION_301_FD-302_SURVEILLANCE,"FILE REF: 268A-CH-90412 DATE/TIME: 2025-10-29 14:25:00 EST REPORTING AGENT: SA David Ruiz (ID: 8842) PRIMARY SUBJECTS: Marcus Thorne (Enforcer), Victor Vance (The Tailor) NARRATIVE: On 2025-10-29 14:25:00 EST, surveillance team observed Marcus Thorne operating White Freightliner Semi-Truck (Lic: TRK-9901). Subject traveled directly to Pier 4, Gary Port Facility, Gary, IN where a clandestine meeting occurred with Victor Vance. Subjects were observed discussing operations related to Pacific Import Export Co. (San Diego, CA). Subject Victor Vance was seen carrying a sealed package into the facility. --------------------------------------------------------------------------------"
SECTION_302_WIRETAP_INTERCEPT,"FILE REF: 268A-CH-90412 DATE/TIME: 2025-10-29 20:21:00 EST REPORTING AGENT: SA David Ruiz (ID: 8842) PRIMARY SUBJECTS: Marcus Thorne (Enforcer), Elena Rostova (The Tsaritsa) TARGET LINE: +1-202-555-0143 (Marcus Thorne) -> +1-312-555-0188 (Elena Rostova) TRANSCRIPT:   [2025-10-29 20:21:00 EST] Marcus Thorne: 'Did you authorize the release for Horizon Global Transfer (Account HGT-9011)?'   [2025-10-29 20:21:00 EST] Elena Rostova: 'It is pending at 304 Pier Road, Gary, IN (Lakeside Bistro). We need $81,000 sent to Bank of America Acc #5540-1920-3341.'   [2025-10-29 20:21:00 EST] Marcus Thorne: 'Make sure The Tsaritsa handles the transport in the Silver Audi Q7 (VIN: WA1VAAFE4CD019283).' --------------------------------------------------------------------------------"
SECTION_303_WIRETAP_INTERCEPT,"FILE REF: 268A-CH-90412 DATE/TIME: 2025-10-30 03:58:00 EST REPORTING AGENT: SA Michael Chang (ID: 9910) PRIMARY SUBJECTS: Elena Rostova (The Tsaritsa), Carlos Mendez (El Toro) TARGET LINE: +1-312-555-0188 (Elena Rostova) -> +1-619-555-0199 (Carlos Mendez) TRANSCRIPT:   [2025-10-30 03:58:00 EST] Elena Rostova: 'Did you authorize the release for Pacific Import Export Co. (San Diego, CA)?'   [2025-10-30 03:58:00 EST] Carlos Mendez: 'It is pending at 1428 Elmwood Avenue, Chicago, IL (Apex Freight HQ). We need $371,000 sent to Crypto Wallet 0x71C...3A9D (Darknet Link).'   [2025-10-30 03:58:00 EST] Elena Rostova: 'Make sure El Toro handles the transport in the Black 2021 Ford Explorer (IL Plate: 7XYZ-89).' --------------------------------------------------------------------------------"
SECTION_304_FD-302_SURVEILLANCE,"FILE REF: 268A-CH-90412 DATE/TIME: 2025-10-30 09:34:00 EST REPORTING AGENT: SA Sarah Jenkins (ID: 4102) PRIMARY SUBJECTS: Carlos Mendez (El Toro), Sarah Lin (Accountant) NARRATIVE: On 2025-10-30 09:34:00 EST, surveillance team observed Carlos Mendez operating White Freightliner Semi-Truck (Lic: TRK-9901). Subject traveled directly to 88 Industrial Parkway, Newark, NJ (Warehouse Depot) where a clandestine meeting occurred with Sarah Lin. Subjects were observed discussing operations related to Horizon Global Transfer (Account HGT-9011). Subject Sarah Lin was seen carrying a sealed package into the facility. --------------------------------------------------------------------------------"
SECTION_305_CDR_CELLULAR_TOWER_LOG,"FILE REF: 268A-CH-90412 DATE/TIME: 2025-10-30 17:47:00 EST REPORTING AGENT: SA David Ruiz (ID: 8842) PRIMARY SUBJECTS: Marcus Thorne (Enforcer), Victor Vance (The Tailor) CELLULAR INTERCEPT DATA:   Device A: Marcus Thorne (+1-202-555-0143) | Device B: Victor Vance (+1-312-555-0199)   Cell Tower Sector: T-902 (1428 Elmwood Avenue, Chicago, IL (Apex Freight HQ))   Event: Call duration 117 seconds. Ping coordinates confirm both subjects in proximity. --------------------------------------------------------------------------------"
SECTION_306_CDR_CELLULAR_TOWER_LOG,"FILE REF: 268A-CH-90412 DATE/TIME: 2025-10-30 19:09:00 EST REPORTING AGENT: SA Michael Chang (ID: 9910) PRIMARY SUBJECTS: Victor Vance (The Tailor), Marcus Thorne (Enforcer) CELLULAR INTERCEPT DATA:   Device A: Victor Vance (+1-312-555-0199) | Device B: Marcus Thorne (+1-202-555-0143)   Cell Tower Sector: T-902 (Pier 4, Gary Port Facility, Gary, IN)   Event: Call duration 331 seconds. Ping coordinates confirm both subjects in proximity. --------------------------------------------------------------------------------"
SECTION_307_FINANCIAL_AUDIT_LOG,"FILE REF: 268A-CH-90412 DATE/TIME: 2025-10-31 03:28:00 EST REPORTING AGENT: SA Sarah Jenkins (ID: 4102) PRIMARY SUBJECTS: Elena Rostova (The Tsaritsa), Carlos Mendez (El Toro) TRANSACTION RECORD:   Originator: Elena Rostova / Horizon Global Transfer (Account HGT-9011)   Destination Account: First National Bank Acc #8839-10294-US   Amount: $846,000.00 USD   Notes: Suspicious activity flag triggered. Linked to phone +1-312-555-0188 active at 412 Oak Street, Paterson, NJ (Safehouse Alpha). --------------------------------------------------------------------------------"
SECTION_308_WIRETAP_INTERCEPT,"FILE REF: 268A-CH-90412 DATE/TIME: 2025-10-31 06:28:00 EST REPORTING AGENT: SA Sarah Jenkins (ID: 4102) PRIMARY SUBJECTS: Elena Rostova (The Tsaritsa), Carlos Mendez (El Toro) TARGET LINE: +1-312-555-0188 (Elena Rostova) -> +1-619-555-0199 (Carlos Mendez) TRANSCRIPT:   [2025-10-31 06:28:00 EST] Elena Rostova: 'Did you authorize the release for Apex Freight Logistics (1428 Elmwood Ave, Chicago IL)?'   [2025-10-31 06:28:00 EST] Carlos Mendez: 'It is pending at 412 Oak Street, Paterson, NJ (Safehouse Alpha). We need $457,000 sent to Crypto Wallet 0x71C...3A9D (Darknet Link).'   [2025-10-31 06:28:00 EST] Elena Rostova: 'Make sure El Toro handles the transport in the White Freightliner Semi-Truck (Lic: TRK-9901).' --------------------------------------------------------------------------------"
SECTION_309_FINANCIAL_AUDIT_LOG,"FILE REF: 268A-CH-90412 DATE/TIME: 2025-10-31 11:26:00 EST REPORTING AGENT: SA Michael Chang (ID: 9910) PRIMARY SUBJECTS: Carlos Mendez (El Toro), Sarah Lin (Accountant) TRANSACTION RECORD:   Originator: Carlos Mendez / Apex Freight Logistics (1428 Elmwood Ave, Chicago IL)   Destination Account: Crypto Wallet 0x71C...3A9D (Darknet Link)   Amount: $418,000.00 USD   Notes: Suspicious activity flag triggered. Linked to phone +1-619-555-0199 active at 1428 Elmwood Avenue, Chicago, IL (Apex Freight HQ). --------------------------------------------------------------------------------"
SECTION_310_FD-302_SURVEILLANCE,"FILE REF: 268A-CH-90412 DATE/TIME: 2025-10-31 21:52:00 EST REPORTING AGENT: SA David Ruiz (ID: 8842) PRIMARY SUBJECTS: Sarah Lin (Accountant), Tariq Mansoor (Ghost) NARRATIVE: On 2025-10-31 21:52:00 EST, surveillance team observed Sarah Lin operating Silver Audi Q7 (VIN: WA1VAAFE4CD019283). Subject traveled directly to Pier 4, Gary Port Facility, Gary, IN where a clandestine meeting occurred with Tariq Mansoor. Subjects were observed discussing operations related to Meridian Holdings LLC (Shell Entity #8840). Subject Tariq Mansoor was seen carrying a sealed package into the facility. --------------------------------------------------------------------------------"
SECTION_311_CDR_CELLULAR_TOWER_LOG,"FILE REF: 268A-CH-90412 DATE/TIME: 2025-11-01 09:27:00 EST REPORTING AGENT: SA David Ruiz (ID: 8842) PRIMARY SUBJECTS: Elena Rostova (The Tsaritsa), Victor Vance (The Tailor) CELLULAR INTERCEPT DATA:   Device A: Elena Rostova (+1-312-555-0188) | Device B: Victor Vance (+1-312-555-0199)   Cell Tower Sector: T-902 (1428 Elmwood Avenue, Chicago, IL (Apex Freight HQ))   Event: Call duration 261 seconds. Ping coordinates confirm both subjects in proximity. --------------------------------------------------------------------------------"
SECTION_312_WIRETAP_INTERCEPT,"FILE REF: 268A-CH-90412 DATE/TIME: 2025-11-01 10:33:00 EST REPORTING AGENT: SA Sarah Jenkins (ID: 4102) PRIMARY SUBJECTS: Marcus Thorne (Enforcer), Victor Vance (The Tailor) TARGET LINE: +1-202-555-0143 (Marcus Thorne) -> +1-312-555-0199 (Victor Vance) TRANSCRIPT:   [2025-11-01 10:33:00 EST] Marcus Thorne: 'Did you authorize the release for Horizon Global Transfer (Account HGT-9011)?'   [2025-11-01 10:33:00 EST] Victor Vance: 'It is pending at 1428 Elmwood Avenue, Chicago, IL (Apex Freight HQ). We need $141,000 sent to First National Bank Acc #8839-10294-US.'   [2025-11-01 10:33:00 EST] Marcus Thorne: 'Make sure The Tailor handles the transport in the Black 2021 Ford Explorer (IL Plate: 7XYZ-89).' --------------------------------------------------------------------------------"
SECTION_313_WIRETAP_INTERCEPT,"FILE REF: 268A-CH-90412 DATE/TIME: 2025-11-01 16:50:00 EST REPORTING AGENT: SA David Ruiz (ID: 8842) PRIMARY SUBJECTS: Tariq Mansoor (Ghost), Sarah Lin (Accountant) TARGET LINE: +1-973-555-0167 (Tariq Mansoor) -> +1-619-555-0122 (Sarah Lin) TRANSCRIPT:   [2025-11-01 16:50:00 EST] Tariq Mansoor: 'Did you authorize the release for Apex Freight Logistics (1428 Elmwood Ave, Chicago IL)?'   [2025-11-01 16:50:00 EST] Sarah Lin: 'It is pending at 88 Industrial Parkway, Newark, NJ (Warehouse Depot). We need $133,000 sent to Crypto Wallet 0x71C...3A9D (Darknet Link).'   [2025-11-01 16:50:00 EST] Tariq Mansoor: 'Make sure Accountant handles the transport in the Silver Audi Q7 (VIN: WA1VAAFE4CD019283).' --------------------------------------------------------------------------------"
SECTION_314_WIRETAP_INTERCEPT,"FILE REF: 268A-CH-90412 DATE/TIME: 2025-11-01 21:03:00 EST REPORTING AGENT: SA Sarah Jenkins (ID: 4102) PRIMARY SUBJECTS: Victor Vance (The Tailor), Marcus Thorne (Enforcer) TARGET LINE: +1-312-555-0199 (Victor Vance) -> +1-202-555-0143 (Marcus Thorne) TRANSCRIPT:   [2025-11-01 21:03:00 EST] Victor Vance: 'Did you authorize the release for Pacific Import Export Co. (San Diego, CA)?'   [2025-11-01 21:03:00 EST] Marcus Thorne: 'It is pending at Pier 4, Gary Port Facility, Gary, IN. We need $410,000 sent to First National Bank Acc #8839-10294-US.'   [2025-11-01 21:03:00 EST] Victor Vance: 'Make sure Enforcer handles the transport in the Black 2021 Ford Explorer (IL Plate: 7XYZ-89).' --------------------------------------------------------------------------------"
SECTION_315_CDR_CELLULAR_TOWER_LOG,"FILE REF: 268A-CH-90412 DATE/TIME: 2025-11-02 00:01:00 EST REPORTING AGENT: SA Sarah Jenkins (ID: 4102) PRIMARY SUBJECTS: Sarah Lin (Accountant), Carlos Mendez (El Toro) CELLULAR INTERCEPT DATA:   Device A: Sarah Lin (+1-619-555-0122) | Device B: Carlos Mendez (+1-619-555-0199)   Cell Tower Sector: T-902 (88 Industrial Parkway, Newark, NJ (Warehouse Depot))   Event: Call duration 64 seconds. Ping coordinates confirm both subjects in proximity. --------------------------------------------------------------------------------"
SECTION_316_CDR_CELLULAR_TOWER_LOG,"FILE REF: 268A-CH-90412 DATE/TIME: 2025-11-02 10:51:00 EST REPORTING AGENT: SA Sarah Jenkins (ID: 4102) PRIMARY SUBJECTS: Marcus Thorne (Enforcer), Carlos Mendez (El Toro) CELLULAR INTERCEPT DATA:   Device A: Marcus Thorne (+1-202-555-0143) | Device B: Carlos Mendez (+1-619-555-0199)   Cell Tower Sector: T-902 (88 Industrial Parkway, Newark, NJ (Warehouse Depot))   Event: Call duration 74 seconds. Ping coordinates confirm both subjects in proximity. --------------------------------------------------------------------------------"
SECTION_317_FINANCIAL_AUDIT_LOG,"FILE REF: 268A-CH-90412 DATE/TIME: 2025-11-02 18:26:00 EST REPORTING AGENT: SA David Ruiz (ID: 8842) PRIMARY SUBJECTS: Carlos Mendez (El Toro), Elena Rostova (The Tsaritsa) TRANSACTION RECORD:   Originator: Carlos Mendez / Pacific Import Export Co. (San Diego, CA)   Destination Account: Bank of America Acc #5540-1920-3341   Amount: $842,000.00 USD   Notes: Suspicious activity flag triggered. Linked to phone +1-619-555-0199 active at 1428 Elmwood Avenue, Chicago, IL (Apex Freight HQ). --------------------------------------------------------------------------------"
SECTION_318_CDR_CELLULAR_TOWER_LOG,"FILE REF: 268A-CH-90412 DATE/TIME: 2025-11-03 00:52:00 EST REPORTING AGENT: SA Sarah Jenkins (ID: 4102) PRIMARY SUBJECTS: Carlos Mendez (El Toro), Tariq Mansoor (Ghost) CELLULAR INTERCEPT DATA:   Device A: Carlos Mendez (+1-619-555-0199) | Device B: Tariq Mansoor (+1-973-555-0167)   Cell Tower Sector: T-902 (1428 Elmwood Avenue, Chicago, IL (Apex Freight HQ))   Event: Call duration 148 seconds. Ping coordinates confirm both subjects in proximity. --------------------------------------------------------------------------------"
SECTION_319_WIRETAP_INTERCEPT,"FILE REF: 268A-CH-90412 DATE/TIME: 2025-11-03 05:31:00 EST REPORTING AGENT: SA David Ruiz (ID: 8842) PRIMARY SUBJECTS: Victor Vance (The Tailor), Sarah Lin (Accountant) TARGET LINE: +1-312-555-0199 (Victor Vance) -> +1-619-555-0122 (Sarah Lin) TRANSCRIPT:   [2025-11-03 05:31:00 EST] Victor Vance: 'Did you authorize the release for Meridian Holdings LLC (Shell Entity #8840)?'   [2025-11-03 05:31:00 EST] Sarah Lin: 'It is pending at 1428 Elmwood Avenue, Chicago, IL (Apex Freight HQ). We need $365,000 sent to Bank of America Acc #5540-1920-3341.'   [2025-11-03 05:31:00 EST] Victor Vance: 'Make sure Accountant handles the transport in the Black 2021 Ford Explorer (IL Plate: 7XYZ-89).' --------------------------------------------------------------------------------"
SECTION_320_FINANCIAL_AUDIT_LOG,"FILE REF: 268A-CH-90412 DATE/TIME: 2025-11-03 17:33:00 EST REPORTING AGENT: SA Sarah Jenkins (ID: 4102) PRIMARY SUBJECTS: Carlos Mendez (El Toro), Elena Rostova (The Tsaritsa) TRANSACTION RECORD:   Originator: Carlos Mendez / Meridian Holdings LLC (Shell Entity #8840)   Destination Account: Bank of America Acc #5540-1920-3341   Amount: $654,000.00 USD   Notes: Suspicious activity flag triggered. Linked to phone +1-619-555-0199 active at 304 Pier Road, Gary, IN (Lakeside Bistro). --------------------------------------------------------------------------------"
SECTION_321_WIRETAP_INTERCEPT,"FILE REF: 268A-CH-90412 DATE/TIME: 2025-11-03 19:22:00 EST REPORTING AGENT: SA Sarah Jenkins (ID: 4102) PRIMARY SUBJECTS: Tariq Mansoor (Ghost), Victor Vance (The Tailor) TARGET LINE: +1-973-555-0167 (Tariq Mansoor) -> +1-312-555-0199 (Victor Vance) TRANSCRIPT:   [2025-11-03 19:22:00 EST] Tariq Mansoor: 'Did you authorize the release for Pacific Import Export Co. (San Diego, CA)?'   [2025-11-03 19:22:00 EST] Victor Vance: 'It is pending at 88 Industrial Parkway, Newark, NJ (Warehouse Depot). We need $468,000 sent to Crypto Wallet 0x71C...3A9D (Darknet Link).'   [2025-11-03 19:22:00 EST] Tariq Mansoor: 'Make sure The Tailor handles the transport in the Silver Audi Q7 (VIN: WA1VAAFE4CD019283).' --------------------------------------------------------------------------------"
SECTION_322_CDR_CELLULAR_TOWER_LOG,"FILE REF: 268A-CH-90412 DATE/TIME: 2025-11-04 04:01:00 EST REPORTING AGENT: SA Sarah Jenkins (ID: 4102) PRIMARY SUBJECTS: Carlos Mendez (El Toro), Sarah Lin (Accountant) CELLULAR INTERCEPT DATA:   Device A: Carlos Mendez (+1-619-555-0199) | Device B: Sarah Lin (+1-619-555-0122)   Cell Tower Sector: T-902 (88 Industrial Parkway, Newark, NJ (Warehouse Depot))   Event: Call duration 421 seconds. Ping coordinates confirm both subjects in proximity. --------------------------------------------------------------------------------"
SECTION_323_FINANCIAL_AUDIT_LOG,"FILE REF: 268A-CH-90412 DATE/TIME: 2025-11-04 06:48:00 EST REPORTING AGENT: SA Michael Chang (ID: 9910) PRIMARY SUBJECTS: Elena Rostova (The Tsaritsa), Tariq Mansoor (Ghost) TRANSACTION RECORD:   Originator: Elena Rostova / Meridian Holdings LLC (Shell Entity #8840)   Destination Account: First National Bank Acc #8839-10294-US   Amount: $776,000.00 USD   Notes: Suspicious activity flag triggered. Linked to phone +1-312-555-0188 active at 88 Industrial Parkway, Newark, NJ (Warehouse Depot). --------------------------------------------------------------------------------"
SECTION_324_FD-302_SURVEILLANCE,"FILE REF: 268A-CH-90412 DATE/TIME: 2025-11-04 11:20:00 EST REPORTING AGENT: SA Michael Chang (ID: 9910) PRIMARY SUBJECTS: Tariq Mansoor (Ghost), Victor Vance (The Tailor) NARRATIVE: On 2025-11-04 11:20:00 EST, surveillance team observed Tariq Mansoor operating White Freightliner Semi-Truck (Lic: TRK-9901). Subject traveled directly to 304 Pier Road, Gary, IN (Lakeside Bistro) where a clandestine meeting occurred with Victor Vance. Subjects were observed discussing operations related to Meridian Holdings LLC (Shell Entity #8840). Subject Victor Vance was seen carrying a sealed package into the facility. --------------------------------------------------------------------------------"
SECTION_325_WIRETAP_INTERCEPT,"FILE REF: 268A-CH-90412 DATE/TIME: 2025-11-04 21:07:00 EST REPORTING AGENT: SA Michael Chang (ID: 9910) PRIMARY SUBJECTS: Elena Rostova (The Tsaritsa), Marcus Thorne (Enforcer) TARGET LINE: +1-312-555-0188 (Elena Rostova) -> +1-202-555-0143 (Marcus Thorne) TRANSCRIPT:   [2025-11-04 21:07:00 EST] Elena Rostova: 'Did you authorize the release for Pacific Import Export Co. (San Diego, CA)?'   [2025-11-04 21:07:00 EST] Marcus Thorne: 'It is pending at 88 Industrial Parkway, Newark, NJ (Warehouse Depot). We need $495,000 sent to First National Bank Acc #8839-10294-US.'   [2025-11-04 21:07:00 EST] Elena Rostova: 'Make sure Enforcer handles the transport in the Black 2021 Ford Explorer (IL Plate: 7XYZ-89).' --------------------------------------------------------------------------------"
SECTION_326_FINANCIAL_AUDIT_LOG,"FILE REF: 268A-CH-90412 DATE/TIME: 2025-11-05 08:02:00 EST REPORTING AGENT: SA Sarah Jenkins (ID: 4102) PRIMARY SUBJECTS: Sarah Lin (Accountant), Marcus Thorne (Enforcer) TRANSACTION RECORD:   Originator: Sarah Lin / Pacific Import Export Co. (San Diego, CA)   Destination Account: Bank of America Acc #5540-1920-3341   Amount: $494,000.00 USD   Notes: Suspicious activity flag triggered. Linked to phone +1-619-555-0122 active at 1428 Elmwood Avenue, Chicago, IL (Apex Freight HQ). --------------------------------------------------------------------------------"
SECTION_327_CDR_CELLULAR_TOWER_LOG,"FILE REF: 268A-CH-90412 DATE/TIME: 2025-11-05 12:29:00 EST REPORTING AGENT: SA Michael Chang (ID: 9910) PRIMARY SUBJECTS: Tariq Mansoor (Ghost), Elena Rostova (The Tsaritsa) CELLULAR INTERCEPT DATA:   Device A: Tariq Mansoor (+1-973-555-0167) | Device B: Elena Rostova (+1-312-555-0188)   Cell Tower Sector: T-902 (Pier 4, Gary Port Facility, Gary, IN)   Event: Call duration 142 seconds. Ping coordinates confirm both subjects in proximity. --------------------------------------------------------------------------------"
SECTION_328_WIRETAP_INTERCEPT,"FILE REF: 268A-CH-90412 DATE/TIME: 2025-11-05 21:10:00 EST REPORTING AGENT: SA Michael Chang (ID: 9910) PRIMARY SUBJECTS: Victor Vance (The Tailor), Sarah Lin (Accountant) TARGET LINE: +1-312-555-0199 (Victor Vance) -> +1-619-555-0122 (Sarah Lin) TRANSCRIPT:   [2025-11-05 21:10:00 EST] Victor Vance: 'Did you authorize the release for Horizon Global Transfer (Account HGT-9011)?'   [2025-11-05 21:10:00 EST] Sarah Lin: 'It is pending at 88 Industrial Parkway, Newark, NJ (Warehouse Depot). We need $185,000 sent to First National Bank Acc #8839-10294-US.'   [2025-11-05 21:10:00 EST] Victor Vance: 'Make sure Accountant handles the transport in the White Freightliner Semi-Truck (Lic: TRK-9901).' --------------------------------------------------------------------------------"
SECTION_329_FINANCIAL_AUDIT_LOG,"FILE REF: 268A-CH-90412 DATE/TIME: 2025-11-06 09:05:00 EST REPORTING AGENT: SA Sarah Jenkins (ID: 4102) PRIMARY SUBJECTS: Carlos Mendez (El Toro), Victor Vance (The Tailor) TRANSACTION RECORD:   Originator: Carlos Mendez / Pacific Import Export Co. (San Diego, CA)   Destination Account: First National Bank Acc #8839-10294-US   Amount: $610,000.00 USD   Notes: Suspicious activity flag triggered. Linked to phone +1-619-555-0199 active at 412 Oak Street, Paterson, NJ (Safehouse Alpha). --------------------------------------------------------------------------------"
SECTION_330_FD-302_SURVEILLANCE,"FILE REF: 268A-CH-90412 DATE/TIME: 2025-11-06 19:28:00 EST REPORTING AGENT: SA Michael Chang (ID: 9910) PRIMARY SUBJECTS: Marcus Thorne (Enforcer), Tariq Mansoor (Ghost) NARRATIVE: On 2025-11-06 19:28:00 EST, surveillance team observed Marcus Thorne operating Black 2021 Ford Explorer (IL Plate: 7XYZ-89). Subject traveled directly to 1428 Elmwood Avenue, Chicago, IL (Apex Freight HQ) where a clandestine meeting occurred with Tariq Mansoor. Subjects were observed discussing operations related to Horizon Global Transfer (Account HGT-9011). Subject Tariq Mansoor was seen carrying a sealed package into the facility. --------------------------------------------------------------------------------"
SECTION_331_FD-302_SURVEILLANCE,"FILE REF: 268A-CH-90412 DATE/TIME: 2025-11-07 04:41:00 EST REPORTING AGENT: SA David Ruiz (ID: 8842) PRIMARY SUBJECTS: Victor Vance (The Tailor), Marcus Thorne (Enforcer) NARRATIVE: On 2025-11-07 04:41:00 EST, surveillance team observed Victor Vance operating Black 2021 Ford Explorer (IL Plate: 7XYZ-89). Subject traveled directly to 412 Oak Street, Paterson, NJ (Safehouse Alpha) where a clandestine meeting occurred with Marcus Thorne. Subjects were observed discussing operations related to Horizon Global Transfer (Account HGT-9011). Subject Marcus Thorne was seen carrying a sealed package into the facility. --------------------------------------------------------------------------------"
SECTION_332_FINANCIAL_AUDIT_LOG,"FILE REF: 268A-CH-90412 DATE/TIME: 2025-11-07 12:49:00 EST REPORTING AGENT: SA David Ruiz (ID: 8842) PRIMARY SUBJECTS: Victor Vance (The Tailor), Elena Rostova (The Tsaritsa) TRANSACTION RECORD:   Originator: Victor Vance / Horizon Global Transfer (Account HGT-9011)   Destination Account: Crypto Wallet 0x71C...3A9D (Darknet Link)   Amount: $945,000.00 USD   Notes: Suspicious activity flag triggered. Linked to phone +1-312-555-0199 active at 304 Pier Road, Gary, IN (Lakeside Bistro). --------------------------------------------------------------------------------"
SECTION_333_WIRETAP_INTERCEPT,"FILE REF: 268A-CH-90412 DATE/TIME: 2025-11-07 14:26:00 EST REPORTING AGENT: SA Sarah Jenkins (ID: 4102) PRIMARY SUBJECTS: Tariq Mansoor (Ghost), Elena Rostova (The Tsaritsa) TARGET LINE: +1-973-555-0167 (Tariq Mansoor) -> +1-312-555-0188 (Elena Rostova) TRANSCRIPT:   [2025-11-07 14:26:00 EST] Tariq Mansoor: 'Did you authorize the release for Apex Freight Logistics (1428 Elmwood Ave, Chicago IL)?'   [2025-11-07 14:26:00 EST] Elena Rostova: 'It is pending at Pier 4, Gary Port Facility, Gary, IN. We need $436,000 sent to Bank of America Acc #5540-1920-3341.'   [2025-11-07 14:26:00 EST] Tariq Mansoor: 'Make sure The Tsaritsa handles the transport in the Black 2021 Ford Explorer (IL Plate: 7XYZ-89).' --------------------------------------------------------------------------------"
SECTION_334_FINANCIAL_AUDIT_LOG,"FILE REF: 268A-CH-90412 DATE/TIME: 2025-11-07 17:42:00 EST REPORTING AGENT: SA Sarah Jenkins (ID: 4102) PRIMARY SUBJECTS: Marcus Thorne (Enforcer), Tariq Mansoor (Ghost) TRANSACTION RECORD:   Originator: Marcus Thorne / Pacific Import Export Co. (San Diego, CA)   Destination Account: Bank of America Acc #5540-1920-3341   Amount: $677,000.00 USD   Notes: Suspicious activity flag triggered. Linked to phone +1-202-555-0143 active at 1428 Elmwood Avenue, Chicago, IL (Apex Freight HQ). --------------------------------------------------------------------------------"
SECTION_335_FINANCIAL_AUDIT_LOG,"FILE REF: 268A-CH-90412 DATE/TIME: 2025-11-08 02:02:00 EST REPORTING AGENT: SA David Ruiz (ID: 8842) PRIMARY SUBJECTS: Victor Vance (The Tailor), Elena Rostova (The Tsaritsa) TRANSACTION RECORD:   Originator: Victor Vance / Pacific Import Export Co. (San Diego, CA)   Destination Account: Bank of America Acc #5540-1920-3341   Amount: $813,000.00 USD   Notes: Suspicious activity flag triggered. Linked to phone +1-312-555-0199 active at 304 Pier Road, Gary, IN (Lakeside Bistro). --------------------------------------------------------------------------------"
SECTION_336_WIRETAP_INTERCEPT,"FILE REF: 268A-CH-90412 DATE/TIME: 2025-11-08 08:03:00 EST REPORTING AGENT: SA Michael Chang (ID: 9910) PRIMARY SUBJECTS: Marcus Thorne (Enforcer), Sarah Lin (Accountant) TARGET LINE: +1-202-555-0143 (Marcus Thorne) -> +1-619-555-0122 (Sarah Lin) TRANSCRIPT:   [2025-11-08 08:03:00 EST] Marcus Thorne: 'Did you authorize the release for Apex Freight Logistics (1428 Elmwood Ave, Chicago IL)?'   [2025-11-08 08:03:00 EST] Sarah Lin: 'It is pending at 88 Industrial Parkway, Newark, NJ (Warehouse Depot). We need $263,000 sent to Crypto Wallet 0x71C...3A9D (Darknet Link).'   [2025-11-08 08:03:00 EST] Marcus Thorne: 'Make sure Accountant handles the transport in the Silver Audi Q7 (VIN: WA1VAAFE4CD019283).' --------------------------------------------------------------------------------"
SECTION_337_WIRETAP_INTERCEPT,"FILE REF: 268A-CH-90412 DATE/TIME: 2025-11-08 13:52:00 EST REPORTING AGENT: SA Sarah Jenkins (ID: 4102) PRIMARY SUBJECTS: Marcus Thorne (Enforcer), Carlos Mendez (El Toro) TARGET LINE: +1-202-555-0143 (Marcus Thorne) -> +1-619-555-0199 (Carlos Mendez) TRANSCRIPT:   [2025-11-08 13:52:00 EST] Marcus Thorne: 'Did you authorize the release for Horizon Global Transfer (Account HGT-9011)?'   [2025-11-08 13:52:00 EST] Carlos Mendez: 'It is pending at 1428 Elmwood Avenue, Chicago, IL (Apex Freight HQ). We need $175,000 sent to Bank of America Acc #5540-1920-3341.'   [2025-11-08 13:52:00 EST] Marcus Thorne: 'Make sure El Toro handles the transport in the Silver Audi Q7 (VIN: WA1VAAFE4CD019283).' --------------------------------------------------------------------------------"
SECTION_338_FINANCIAL_AUDIT_LOG,"FILE REF: 268A-CH-90412 DATE/TIME: 2025-11-08 20:26:00 EST REPORTING AGENT: SA Sarah Jenkins (ID: 4102) PRIMARY SUBJECTS: Tariq Mansoor (Ghost), Victor Vance (The Tailor) TRANSACTION RECORD:   Originator: Tariq Mansoor / Meridian Holdings LLC (Shell Entity #8840)   Destination Account: Crypto Wallet 0x71C...3A9D (Darknet Link)   Amount: $467,000.00 USD   Notes: Suspicious activity flag triggered. Linked to phone +1-973-555-0167 active at 412 Oak Street, Paterson, NJ (Safehouse Alpha). --------------------------------------------------------------------------------"
SECTION_339_CDR_CELLULAR_TOWER_LOG,"FILE REF: 268A-CH-90412 DATE/TIME: 2025-11-08 22:04:00 EST REPORTING AGENT: SA Michael Chang (ID: 9910) PRIMARY SUBJECTS: Victor Vance (The Tailor), Carlos Mendez (El Toro) CELLULAR INTERCEPT DATA:   Device A: Victor Vance (+1-312-555-0199) | Device B: Carlos Mendez (+1-619-555-0199)   Cell Tower Sector: T-902 (304 Pier Road, Gary, IN (Lakeside Bistro))   Event: Call duration 155 seconds. Ping coordinates confirm both subjects in proximity. --------------------------------------------------------------------------------"
SECTION_340_CDR_CELLULAR_TOWER_LOG,"FILE REF: 268A-CH-90412 DATE/TIME: 2025-11-09 02:45:00 EST REPORTING AGENT: SA Sarah Jenkins (ID: 4102) PRIMARY SUBJECTS: Carlos Mendez (El Toro), Marcus Thorne (Enforcer) CELLULAR INTERCEPT DATA:   Device A: Carlos Mendez (+1-619-555-0199) | Device B: Marcus Thorne (+1-202-555-0143)   Cell Tower Sector: T-902 (304 Pier Road, Gary, IN (Lakeside Bistro))   Event: Call duration 105 seconds. Ping coordinates confirm both subjects in proximity. --------------------------------------------------------------------------------"
SECTION_341_FD-302_SURVEILLANCE,"FILE REF: 268A-CH-90412 DATE/TIME: 2025-11-09 07:47:00 EST REPORTING AGENT: SA Sarah Jenkins (ID: 4102) PRIMARY SUBJECTS: Sarah Lin (Accountant), Tariq Mansoor (Ghost) NARRATIVE: On 2025-11-09 07:47:00 EST, surveillance team observed Sarah Lin operating Black 2021 Ford Explorer (IL Plate: 7XYZ-89). Subject traveled directly to 1428 Elmwood Avenue, Chicago, IL (Apex Freight HQ) where a clandestine meeting occurred with Tariq Mansoor. Subjects were observed discussing operations related to Pacific Import Export Co. (San Diego, CA). Subject Tariq Mansoor was seen carrying a sealed package into the facility. --------------------------------------------------------------------------------"
SECTION_342_FINANCIAL_AUDIT_LOG,"FILE REF: 268A-CH-90412 DATE/TIME: 2025-11-09 19:17:00 EST REPORTING AGENT: SA Michael Chang (ID: 9910) PRIMARY SUBJECTS: Marcus Thorne (Enforcer), Sarah Lin (Accountant) TRANSACTION RECORD:   Originator: Marcus Thorne / Apex Freight Logistics (1428 Elmwood Ave, Chicago IL)   Destination Account: First National Bank Acc #8839-10294-US   Amount: $614,000.00 USD   Notes: Suspicious activity flag triggered. Linked to phone +1-202-555-0143 active at 304 Pier Road, Gary, IN (Lakeside Bistro). --------------------------------------------------------------------------------"
SECTION_343_CDR_CELLULAR_TOWER_LOG,"FILE REF: 268A-CH-90412 DATE/TIME: 2025-11-10 06:37:00 EST REPORTING AGENT: SA Michael Chang (ID: 9910) PRIMARY SUBJECTS: Sarah Lin (Accountant), Carlos Mendez (El Toro) CELLULAR INTERCEPT DATA:   Device A: Sarah Lin (+1-619-555-0122) | Device B: Carlos Mendez (+1-619-555-0199)   Cell Tower Sector: T-902 (304 Pier Road, Gary, IN (Lakeside Bistro))   Event: Call duration 128 seconds. Ping coordinates confirm both subjects in proximity. --------------------------------------------------------------------------------"
SECTION_344_FD-302_SURVEILLANCE,"FILE REF: 268A-CH-90412 DATE/TIME: 2025-11-10 08:28:00 EST REPORTING AGENT: SA Sarah Jenkins (ID: 4102) PRIMARY SUBJECTS: Sarah Lin (Accountant), Carlos Mendez (El Toro) NARRATIVE: On 2025-11-10 08:28:00 EST, surveillance team observed Sarah Lin operating Black 2021 Ford Explorer (IL Plate: 7XYZ-89). Subject traveled directly to 412 Oak Street, Paterson, NJ (Safehouse Alpha) where a clandestine meeting occurred with Carlos Mendez. Subjects were observed discussing operations related to Apex Freight Logistics (1428 Elmwood Ave, Chicago IL). Subject Carlos Mendez was seen carrying a sealed package into the facility. --------------------------------------------------------------------------------"
SECTION_345_WIRETAP_INTERCEPT,"FILE REF: 268A-CH-90412 DATE/TIME: 2025-11-10 15:38:00 EST REPORTING AGENT: SA David Ruiz (ID: 8842) PRIMARY SUBJECTS: Marcus Thorne (Enforcer), Carlos Mendez (El Toro) TARGET LINE: +1-202-555-0143 (Marcus Thorne) -> +1-619-555-0199 (Carlos Mendez) TRANSCRIPT:   [2025-11-10 15:38:00 EST] Marcus Thorne: 'Did you authorize the release for Pacific Import Export Co. (San Diego, CA)?'   [2025-11-10 15:38:00 EST] Carlos Mendez: 'It is pending at Pier 4, Gary Port Facility, Gary, IN. We need $116,000 sent to Bank of America Acc #5540-1920-3341.'   [2025-11-10 15:38:00 EST] Marcus Thorne: 'Make sure El Toro handles the transport in the Silver Audi Q7 (VIN: WA1VAAFE4CD019283).' --------------------------------------------------------------------------------"
SECTION_346_FD-302_SURVEILLANCE,"FILE REF: 268A-CH-90412 DATE/TIME: 2025-11-10 18:52:00 EST REPORTING AGENT: SA Michael Chang (ID: 9910) PRIMARY SUBJECTS: Tariq Mansoor (Ghost), Victor Vance (The Tailor) NARRATIVE: On 2025-11-10 18:52:00 EST, surveillance team observed Tariq Mansoor operating Black 2021 Ford Explorer (IL Plate: 7XYZ-89). Subject traveled directly to 304 Pier Road, Gary, IN (Lakeside Bistro) where a clandestine meeting occurred with Victor Vance. Subjects were observed discussing operations related to Pacific Import Export Co. (San Diego, CA). Subject Victor Vance was seen carrying a sealed package into the facility. --------------------------------------------------------------------------------"
SECTION_347_WIRETAP_INTERCEPT,"FILE REF: 268A-CH-90412 DATE/TIME: 2025-11-11 07:23:00 EST REPORTING AGENT: SA David Ruiz (ID: 8842) PRIMARY SUBJECTS: Sarah Lin (Accountant), Victor Vance (The Tailor) TARGET LINE: +1-619-555-0122 (Sarah Lin) -> +1-312-555-0199 (Victor Vance) TRANSCRIPT:   [2025-11-11 07:23:00 EST] Sarah Lin: 'Did you authorize the release for Apex Freight Logistics (1428 Elmwood Ave, Chicago IL)?'   [2025-11-11 07:23:00 EST] Victor Vance: 'It is pending at 412 Oak Street, Paterson, NJ (Safehouse Alpha). We need $113,000 sent to Bank of America Acc #5540-1920-3341.'   [2025-11-11 07:23:00 EST] Sarah Lin: 'Make sure The Tailor handles the transport in the White Freightliner Semi-Truck (Lic: TRK-9901).' --------------------------------------------------------------------------------"
SECTION_348_WIRETAP_INTERCEPT,"FILE REF: 268A-CH-90412 DATE/TIME: 2025-11-11 20:13:00 EST REPORTING AGENT: SA Sarah Jenkins (ID: 4102) PRIMARY SUBJECTS: Tariq Mansoor (Ghost), Elena Rostova (The Tsaritsa) TARGET LINE: +1-973-555-0167 (Tariq Mansoor) -> +1-312-555-0188 (Elena Rostova) TRANSCRIPT:   [2025-11-11 20:13:00 EST] Tariq Mansoor: 'Did you authorize the release for Apex Freight Logistics (1428 Elmwood Ave, Chicago IL)?'   [2025-11-11 20:13:00 EST] Elena Rostova: 'It is pending at 88 Industrial Parkway, Newark, NJ (Warehouse Depot). We need $298,000 sent to Bank of America Acc #5540-1920-3341.'   [2025-11-11 20:13:00 EST] Tariq Mansoor: 'Make sure The Tsaritsa handles the transport in the White Freightliner Semi-Truck (Lic: TRK-9901).' --------------------------------------------------------------------------------"
SECTION_349_CDR_CELLULAR_TOWER_LOG,"FILE REF: 268A-CH-90412 DATE/TIME: 2025-11-12 04:37:00 EST REPORTING AGENT: SA David Ruiz (ID: 8842) PRIMARY SUBJECTS: Carlos Mendez (El Toro), Tariq Mansoor (Ghost) CELLULAR INTERCEPT DATA:   Device A: Carlos Mendez (+1-619-555-0199) | Device B: Tariq Mansoor (+1-973-555-0167)   Cell Tower Sector: T-902 (1428 Elmwood Avenue, Chicago, IL (Apex Freight HQ))   Event: Call duration 208 seconds. Ping coordinates confirm both subjects in proximity. --------------------------------------------------------------------------------"
SECTION_350_CDR_CELLULAR_TOWER_LOG,"FILE REF: 268A-CH-90412 DATE/TIME: 2025-11-12 15:20:00 EST REPORTING AGENT: SA David Ruiz (ID: 8842) PRIMARY SUBJECTS: Sarah Lin (Accountant), Carlos Mendez (El Toro) CELLULAR INTERCEPT DATA:   Device A: Sarah Lin (+1-619-555-0122) | Device B: Carlos Mendez (+1-619-555-0199)   Cell Tower Sector: T-902 (412 Oak Street, Paterson, NJ (Safehouse Alpha))   Event: Call duration 366 seconds. Ping coordinates confirm both subjects in proximity. --------------------------------------------------------------------------------"
